timestamp,actual,prediction,residual,absolute_error,percentage_error
2026-04-08 11:00:00,4027,3867.5618,159.438232421875,159.438232421875,3.9592310012881797
2026-04-08 11:30:00,3958,3876.8198,81.18017578125,81.18017578125,2.051040317868873
2026-04-08 12:00:00,3739,3841.6152,-102.615234375,102.615234375,2.7444566561914954
2026-04-08 12:30:00,3479,3715.1206,-236.12060546875,236.12060546875,6.7870251643791315
2026-04-08 13:00:00,3338,3408.953,-70.952880859375,70.952880859375,2.125610570981875
2026-04-08 13:30:00,3357,3281.2356,75.764404296875,75.764404296875,2.2569080815274054
2026-04-08 14:00:00,3464,3361.8564,102.1435546875,102.1435546875,2.9487169367061203
2026-04-08 14:30:00,3625,3566.3188,58.68115234375,58.68115234375,1.6187904094827585
2026-04-08 15:00:00,3687,3833.751,-146.7509765625,146.7509765625,3.98022719182262
2026-04-08 15:30:00,4010,3939.8223,70.177734375,70.177734375,1.7500681889027432
2026-04-08 16:00:00,4507,4353.19,153.81005859375,153.81005859375,3.4126926690426003
2026-04-08 16:30:00,5060,4935.296,124.7041015625,124.7041015625,2.4645079360177866
2026-04-08 17:00:00,5492,5440.668,51.33203125,51.33203125,0.9346691778951202
2026-04-08 17:30:00,5829,5772.781,56.21923828125,56.21923828125,0.9644748375579002
2026-04-08 18:00:00,6123,6003.985,119.01513671875,119.01513671875,1.9437389632328925
2026-04-08 18:30:00,6192,6187.5327,4.46728515625,4.46728515625,0.07214607810481266
2026-04-08 19:00:00,6190,6211.5938,-21.59375,21.59375,0.34884894991922455
2026-04-08 19:30:00,6013,6063.257,-50.2568359375,50.2568359375,0.8358030257359055
2026-04-08 20:00:00,5883,5887.418,-4.41796875,4.41796875,0.07509720805711372
2026-04-08 20:30:00,5768,5718.6436,49.3564453125,49.3564453125,0.8556942668602635
2026-04-08 21:00:00,5628,5575.749,52.2509765625,52.2509765625,0.9284110974147122
2026-04-08 21:30:00,5539,5417.7764,121.2236328125,121.2236328125,2.188547261464163
2026-04-08 22:00:00,5368,5309.0093,58.99072265625,58.99072265625,1.0989329853995902
2026-04-08 22:30:00,5221,5173.832,47.16796875,47.16796875,0.9034278634361234
2026-04-08 23:00:00,5072,5059.327,12.6728515625,12.6728515625,0.24985906077484224
2026-04-08 23:30:00,5104,5116.1333,-12.13330078125,12.13330078125,0.2377214102909483
2026-04-09 00:00:00,5024,5017.2344,6.765625,6.765625,0.13466610270700638
2026-04-09 00:30:00,4887,4859.8364,27.16357421875,27.16357421875,0.5558333173470432
2026-04-09 01:00:00,4746,4746.114,-0.11376953125,0.11376953125,0.0023971666930046355
2026-04-09 01:30:00,4646,4619.714,26.2861328125,26.2861328125,0.5657798711256995
2026-04-09 02:00:00,4465,4549.3457,-84.345703125,84.345703125,1.8890415033594625
2026-04-09 02:30:00,4333,4418.6343,-85.63427734375,85.63427734375,1.9763276562139394
2026-04-09 03:00:00,4261,4262.504,-1.50390625,1.50390625,0.03529467847923023
2026-04-09 03:30:00,4236,4283.4077,-47.40771484375,47.40771484375,1.1191622956503777
2026-04-09 04:00:00,4251,4269.2275,-18.2275390625,18.2275390625,0.4287823820865679
2026-04-09 04:30:00,4268,4362.9736,-94.9736328125,94.9736328125,2.225249128690253
2026-04-09 05:00:00,4279,4387.5894,-108.58935546875,108.58935546875,2.5377274005316663
2026-04-09 05:30:00,4452,4437.208,14.7919921875,14.7919921875,0.3322549907345014
2026-04-09 06:00:00,4633,4653.225,-20.22509765625,20.22509765625,0.43654430512087194
2026-04-09 06:30:00,4954,4873.824,80.17578125,80.17578125,1.6184049505450142
2026-04-09 07:00:00,5187,5164.4326,22.5673828125,22.5673828125,0.43507582056101796
2026-04-09 07:30:00,5321,5308.738,12.26220703125,12.26220703125,0.23044929583255028
2026-04-09 08:00:00,5256,5321.509,-65.5087890625,65.5087890625,1.2463620445681125
2026-04-09 08:30:00,5080,5150.6772,-70.67724609375,70.67724609375,1.3912843719242125
2026-04-09 09:00:00,4890,4835.2456,54.75439453125,54.75439453125,1.1197217695552149
2026-04-09 09:30:00,4652,4696.2544,-44.25439453125,44.25439453125,0.9512982487371023
2026-04-09 10:00:00,4444,4481.707,-37.70703125,37.70703125,0.848493052430243
2026-04-09 10:30:00,4191,4294.129,-103.12890625,103.12890625,2.460723126938678
2026-04-09 11:00:00,4067,4019.9602,47.039794921875,47.039794921875,1.1566214635327021
2026-04-09 11:30:00,4136,3893.7925,242.20751953125,242.20751953125,5.856081226577611
2026-04-09 12:00:00,4282,4008.528,273.471923828125,273.471923828125,6.38654656301086
2026-04-09 12:30:00,4412,4211.65,200.35009765625,200.35009765625,4.541026692118087
2026-04-09 13:00:00,4041,4419.96,-378.9599609375,378.9599609375,9.377875796523139
2026-04-09 13:30:00,4250,4000.5645,249.435546875,249.435546875,5.869071691176471
2026-04-09 14:00:00,4984,4335.618,648.3818359375,648.3818359375,13.00926637113764
2026-04-09 14:30:00,5658,5186.1777,471.822265625,471.822265625,8.339029084924002
2026-04-09 15:00:00,5834,5370.485,463.51513671875,463.51513671875,7.945065764805451
2026-04-09 15:30:00,5963,5879.3115,83.6884765625,83.6884765625,1.4034626289200067
2026-04-09 16:00:00,6007,6072.555,-65.55517578125,65.55517578125,1.0913130644456468
2026-04-09 16:30:00,5957,6094.27,-137.27001953125,137.27001953125,2.304348153957529
2026-04-09 17:00:00,6028,6051.939,-23.93896484375,23.93896484375,0.3971294765054745
2026-04-09 17:30:00,6160,6069.9297,90.0703125,90.0703125,1.4621803977272727
2026-04-09 18:00:00,6311,6137.3545,173.6455078125,173.6455078125,2.7514737412850576
2026-04-09 18:30:00,6314,6244.3647,69.63525390625,69.63525390625,1.1028706668712385
2026-04-09 19:00:00,6222,6224.182,-2.18212890625,2.18212890625,0.035071181392639025
2026-04-09 19:30:00,6081,6118.898,-37.89794921875,37.89794921875,0.6232190300731788
2026-04-09 20:00:00,5946,5986.1123,-40.1123046875,40.1123046875,0.674609900563404
2026-04-09 20:30:00,5836,5759.179,76.82080078125,76.82080078125,1.3163262642434888
2026-04-09 21:00:00,5662,5667.6484,-5.6484375,5.6484375,0.09976046450017662
2026-04-09 21:30:00,5532,5466.9688,65.03125,65.03125,1.1755468185104845
2026-04-09 22:00:00,5382,5316.364,65.63623046875,65.63623046875,1.2195509191518024
2026-04-09 22:30:00,5174,5188.5474,-14.54736328125,14.54736328125,0.28116280017877854
2026-04-09 23:00:00,5049,5056.147,-7.14697265625,7.14697265625,0.14155224116161616
2026-04-09 23:30:00,5114,5117.2466,-3.24658203125,3.24658203125,0.06348420084571764
2026-04-10 00:00:00,5035,5018.6973,16.302734375,16.302734375,0.32378817030784507
2026-04-10 00:30:00,4861,4855.81,5.18994140625,5.18994140625,0.10676694931598438
2026-04-10 01:00:00,4750,4733.524,16.47607421875,16.47607421875,0.34686472039473687
2026-04-10 01:30:00,4572,4615.7363,-43.736328125,43.736328125,0.9566126011592301
2026-04-10 02:00:00,4454,4457.103,-3.10302734375,3.10302734375,0.0696683283284688
2026-04-10 02:30:00,4360,4377.5225,-17.5224609375,17.5224609375,0.4018913059059633
2026-04-10 03:00:00,4280,4311.853,-31.85302734375,31.85302734375,0.7442296108352804
2026-04-10 03:30:00,4261,4263.6284,-2.62841796875,2.62841796875,0.061685472160291015
2026-04-10 04:00:00,4204,4301.9893,-97.9892578125,97.9892578125,2.330857702485728
2026-04-10 04:30:00,4211,4276.1587,-65.15869140625,65.15869140625,1.5473448446034197
2026-04-10 05:00:00,4265,4295.651,-30.65087890625,30.65087890625,0.7186607012016413
2026-04-10 05:30:00,4395,4395.2754,-0.275390625,0.275390625,0.006265998293515358
2026-04-10 06:00:00,4536,4519.0605,16.939453125,16.939453125,0.3734447337962963
2026-04-10 06:30:00,4800,4736.1045,63.8955078125,63.8955078125,1.3311564127604167
2026-04-10 07:00:00,5041,4967.319,73.68115234375,73.68115234375,1.4616376184040865
2026-04-10 07:30:00,5186,5062.2773,123.72265625,123.72265625,2.3857049026224453
2026-04-10 08:00:00,5075,5183.9854,-108.9853515625,108.9853515625,2.1474946120689653
2026-04-10 08:30:00,4989,4880.377,108.623046875,108.623046875,2.177250889456805
2026-04-10 09:00:00,4872,4768.1245,103.87548828125,103.87548828125,2.1320913029813218
2026-04-10 09:30:00,4869,4685.3135,183.6865234375,183.6865234375,3.772571851252824
2026-04-10 10:00:00,4646,4695.027,-49.02685546875,49.02685546875,1.055248718655833
2026-04-10 10:30:00,4307,4575.435,-268.43505859375,268.43505859375,6.232529802501741
2026-04-10 11:00:00,4199,4179.076,19.923828125,19.923828125,0.4744898338890212
2026-04-10 11:30:00,4357,4117.9766,239.0234375,239.0234375,5.485963679137021
2026-04-10 12:00:00,4654,4301.27,352.72998046875,352.72998046875,7.5790713465567245
2026-04-10 12:30:00,4621,4737.6226,-116.62255859375,116.62255859375,2.5237515384927507
2026-04-10 13:00:00,4516,4626.5264,-110.5263671875,110.5263671875,2.4474394859942428
2026-04-10 13:30:00,4385,4506.044,-121.0439453125,121.0439453125,2.760409243158495
2026-04-10 14:00:00,4183,4309.6597,-126.65966796875,126.65966796875,3.0279624185692087
2026-04-10 14:30:00,4377,4102.588,274.412109375,274.412109375,6.269410769362577
2026-04-10 15:00:00,4304,4443.6357,-139.6357421875,139.6357421875,3.244324864951208
2026-04-10 15:30:00,4631,4353.5034,277.49658203125,277.49658203125,5.992152494736558
2026-04-10 16:00:00,4931,4868.8003,62.19970703125,62.19970703125,1.2614014810636789
2026-04-10 16:30:00,5277,5199.33,77.669921875,77.669921875,1.4718575303202577
2026-04-10 17:00:00,5570,5534.3433,35.65673828125,35.65673828125,0.6401568811714542
2026-04-10 17:30:00,5827,5769.4565,57.54345703125,57.54345703125,0.9875314403852755
2026-04-10 18:00:00,6095,5981.1,113.89990234375,113.89990234375,1.8687432706111566
2026-04-10 18:30:00,6212,6199.49,12.509765625,12.509765625,0.2013806443174501
2026-04-10 19:00:00,6206,6188.934,17.06591796875,17.06591796875,0.27499062147518527
2026-04-10 19:30:00,6075,6067.2812,7.71875,7.71875,0.12705761316872427
2026-04-10 20:00:00,5999,5928.9517,70.04833984375,70.04833984375,1.1676669418861478
2026-04-10 20:30:00,5872,5844.2944,27.70556640625,27.70556640625,0.4718250409783719
2026-04-10 21:00:00,5767,5673.6367,93.36328125,93.36328125,1.6189228585052888
2026-04-10 21:30:00,5668,5541.3423,126.65771484375,126.65771484375,2.234610353630028
2026-04-10 22:00:00,5559,5418.2344,140.765625,140.765625,2.5322112790070155
2026-04-10 22:30:00,5382,5359.9756,22.0244140625,22.0244140625,0.4092235983370494
2026-04-10 23:00:00,5240,5208.8174,31.1826171875,31.1826171875,0.5950881142652672
2026-04-10 23:30:00,5253,5273.77,-20.77001953125,20.77001953125,0.3953934805111365
2026-04-11 00:00:00,5155,5150.183,4.81689453125,4.81689453125,0.0934412130213385
2026-04-11 00:30:00,5002,4970.079,31.9208984375,31.9208984375,0.6381627036685326
2026-04-11 01:00:00,4837,4830.471,6.52880859375,6.52880859375,0.1349764025997519
2026-04-11 01:30:00,4695,4713.651,-18.65087890625,18.65087890625,0.3972498169595314
2026-04-11 02:00:00,4528,4561.328,-33.328125,33.328125,0.7360451634275619
2026-04-11 02:30:00,4432,4429.6,2.39990234375,2.39990234375,0.05414942111349278
2026-04-11 03:00:00,4363,4335.4976,27.50244140625,27.50244140625,0.6303562091737337
2026-04-11 03:30:00,4310,4321.963,-11.962890625,11.962890625,0.27756126740139214
2026-04-11 04:00:00,4270,4270.464,-0.4638671875,0.4638671875,0.010863400175644028
2026-04-11 04:30:00,4266,4313.496,-47.49609375,47.49609375,1.1133636603375527
2026-04-11 05:00:00,4290,4340.802,-50.8017578125,50.8017578125,1.1841901587995338
2026-04-11 05:30:00,4337,4391.4297,-54.4296875,54.4296875,1.2550077818768735
2026-04-11 06:00:00,4463,4421.3623,41.6376953125,41.6376953125,0.9329530654828592
2026-04-11 06:30:00,4649,4644.7466,4.25341796875,4.25341796875,0.09149102965691547
2026-04-11 07:00:00,4766,4825.9824,-59.982421875,59.982421875,1.2585485076584138
2026-04-11 07:30:00,4833,4802.997,30.0029296875,30.0029296875,0.6207930827126009
2026-04-11 08:00:00,4747,4764.472,-17.47216796875,17.47216796875,0.3680675788655993
2026-04-11 08:30:00,4618,4538.409,79.5908203125,79.5908203125,1.7234911284647034
2026-04-11 09:00:00,4352,4389.0283,-37.0283203125,37.0283203125,0.8508345660041361
2026-04-11 09:30:00,4108,4170.781,-62.78076171875,62.78076171875,1.52825612752556
2026-04-11 10:00:00,3894,3922.7058,-28.705810546875,28.705810546875,0.7371805481991525
2026-04-11 10:30:00,3895,3727.7847,167.21533203125,167.21533203125,4.293076560494223
2026-04-11 11:00:00,4228,3744.8955,483.1044921875,483.1044921875,11.4263124926088
2026-04-11 11:30:00,4476,4146.971,329.02880859375,329.02880859375,7.3509564028987935
2026-04-11 12:00:00,4548,4455.683,92.31689453125,92.31689453125,2.029834972103122
2026-04-11 12:30:00,4574,4548.613,25.38720703125,25.38720703125,0.55503294777547
2026-04-11 13:00:00,4441,4582.9453,-141.9453125,141.9453125,3.196246622382346
2026-04-11 13:30:00,4351,4343.429,7.57080078125,7.57080078125,0.17400139694897723
2026-04-11 14:00:00,4175,4281.976,-106.97607421875,106.97607421875,2.5623011788922154
2026-04-11 14:30:00,4087,4129.7983,-42.79833984375,42.79833984375,1.0471822814717395
2026-04-11 15:00:00,4337,4054.8962,282.103759765625,282.103759765625,6.504582885995504
2026-04-11 15:30:00,4561,4485.053,75.94677734375,75.94677734375,1.6651343421124751
2026-04-11 16:00:00,4738,4830.128,-92.1279296875,92.1279296875,1.9444476506437314
2026-04-11 16:30:00,5129,4969.5376,159.46240234375,159.46240234375,3.1090349452866057
2026-04-11 17:00:00,5451,5371.5435,79.45654296875,79.45654296875,1.4576507607549074
2026-04-11 17:30:00,5747,5626.0576,120.9423828125,120.9423828125,2.1044437587001914
2026-04-11 18:00:00,6103,5912.0503,190.94970703125,190.94970703125,3.128784319699328
2026-04-11 18:30:00,6258,6198.03,59.97021484375,59.97021484375,0.9582968175735059
2026-04-11 19:00:00,6250,6254.277,-4.27685546875,4.27685546875,0.0684296875
2026-04-11 19:30:00,6142,6155.6274,-13.62744140625,13.62744140625,0.22187302843129272
2026-04-11 20:00:00,6023,6026.4854,-3.4853515625,3.4853515625,0.05786736779843932
2026-04-11 20:30:00,5935,5872.584,62.416015625,62.416015625,1.0516599094355519
2026-04-11 21:00:00,5795,5744.4355,50.564453125,50.564453125,0.8725531169111302
2026-04-11 21:30:00,5683,5606.9766,76.0234375,76.0234375,1.3377342512757346
2026-04-11 22:00:00,5530,5513.9575,16.04248046875,16.04248046875,0.29009910431735986
2026-04-11 22:30:00,5372,5320.8545,51.1455078125,51.1455078125,0.952075722496277
2026-04-11 23:00:00,5271,5195.919,75.0810546875,75.0810546875,1.4244176567539366
2026-04-11 23:30:00,5291,5289.32,1.68017578125,1.68017578125,0.03175535402097902
2026-04-12 00:00:00,5208,5202.439,5.56103515625,5.56103515625,0.1067787088373656
2026-04-12 00:30:00,5012,5036.658,-24.658203125,24.658203125,0.49198330257382283
2026-04-12 01:00:00,4875,4860.634,14.3662109375,14.3662109375,0.2946915064102564
2026-04-12 01:30:00,4735,4747.353,-12.35302734375,12.35302734375,0.2608875890971489
2026-04-12 02:00:00,4558,4590.5913,-32.59130859375,32.59130859375,0.7150352916575252
2026-04-12 02:30:00,4437,4455.856,-18.85595703125,18.85595703125,0.42497085939260765
2026-04-12 03:00:00,4321,4344.8623,-23.8623046875,23.8623046875,0.5522403306526268
2026-04-12 03:30:00,4292,4285.096,6.90380859375,6.90380859375,0.16085294952819199
2026-04-12 04:00:00,4243,4304.776,-61.77587890625,61.77587890625,1.4559481241161913
2026-04-12 04:30:00,4245,4292.0957,-47.095703125,47.095703125,1.1094394140164898
2026-04-12 05:00:00,4253,4319.788,-66.7880859375,66.7880859375,1.5703758743827887
2026-04-12 05:30:00,4271,4355.056,-84.05615234375,84.05615234375,1.9680672522535705
2026-04-12 06:00:00,4345,4363.4976,-18.49755859375,18.49755859375,0.42572056602416575
2026-04-12 06:30:00,4514,4468.448,45.5517578125,45.5517578125,1.0091217946942845
2026-04-12 07:00:00,4668,4654.2827,13.71728515625,13.71728515625,0.29385786538667524
2026-04-12 07:30:00,4732,4751.017,-19.01708984375,19.01708984375,0.40188271013841925
2026-04-12 08:00:00,4732,4719.546,12.4541015625,12.4541015625,0.263188959478022
2026-04-12 08:30:00,4785,4688.9893,96.0107421875,96.0107421875,2.006494089602926
2026-04-12 09:00:00,4708,4623.8247,84.17529296875,84.17529296875,1.7879204114008074
2026-04-12 09:30:00,4607,4547.535,59.46484375,59.46484375,1.2907498100716301
2026-04-12 10:00:00,4485,4435.7725,49.2275390625,49.2275390625,1.0976039924749164
2026-04-12 10:30:00,4413,4363.0425,49.95751953125,49.95751953125,1.132053467737367
2026-04-12 11:00:00,4237,4314.498,-77.498046875,77.498046875,1.8290782835732828
2026-04-12 11:30:00,4255,4072.7048,182.295166015625,182.295166015625,4.28425772069624
2026-04-12 12:00:00,4410,4188.9087,221.09130859375,221.09130859375,5.013408358134921
2026-04-12 12:30:00,4342,4424.282,-82.2822265625,82.2822265625,1.8950305518770152
2026-04-12 13:00:00,4193,4288.506,-95.505859375,95.505859375,2.2777452748628666
2026-04-12 13:30:00,4317,4109.8223,207.177734375,207.177734375,4.7991136060921935
2026-04-12 14:00:00,4289,4331.659,-42.6591796875,42.6591796875,0.9946183186640243
2026-04-12 14:30:00,4285,4336.8877,-51.8876953125,51.8876953125,1.2109147097432906
2026-04-12 15:00:00,4446,4342.131,103.869140625,103.869140625,2.336237980769231
2026-04-12 15:30:00,4523,4566.969,-43.96923828125,43.96923828125,0.972125542366792
2026-04-12 16:00:00,4840,4709.902,130.09814453125,130.09814453125,2.6879781927944215
2026-04-12 16:30:00,5132,5093.593,38.4072265625,38.4072265625,0.7483871115062354
2026-04-12 17:00:00,5567,5360.518,206.48193359375,206.48193359375,3.7090341942473506
2026-04-12 17:30:00,5927,5766.996,160.00390625,160.00390625,2.6995766197064284
2026-04-12 18:00:00,6257,6116.82,140.18017578125,140.18017578125,2.2403735940746365
2026-04-12 18:30:00,6498,6358.444,139.55615234375,139.55615234375,2.1476785525353956
2026-04-12 19:00:00,6486,6514.7876,-28.78759765625,28.78759765625,0.4438420853569226
2026-04-12 19:30:00,6360,6390.5674,-30.5673828125,30.5673828125,0.4806192266116352
2026-04-12 20:00:00,6233,6175.888,57.11181640625,57.11181640625,0.9162813477659234
2026-04-12 20:30:00,6094,6015.265,78.73486328125,78.73486328125,1.2920062894855595
2026-04-12 21:00:00,5943,5923.7563,19.24365234375,19.24365234375,0.3238036739651691
2026-04-12 21:30:00,5779,5694.1353,84.86474609375,84.86474609375,1.4685022684504239
2026-04-12 22:00:00,5597,5549.553,47.44677734375,47.44677734375,0.8477180157897088
2026-04-12 22:30:00,5396,5379.2534,16.74658203125,16.74658203125,0.3103517796747591
2026-04-12 23:00:00,5253,5226.597,26.40283203125,26.40283203125,0.5026238726679992
2026-04-12 23:30:00,5284,5275.979,8.02099609375,8.02099609375,0.15179780646763816
2026-04-13 00:00:00,5209,5201.24,7.759765625,7.759765625,0.1489684320406988
2026-04-13 00:30:00,5036,5046.9365,-10.9365234375,10.9365234375,0.21716686730540113
2026-04-13 01:00:00,4878,4885.778,-7.77783203125,7.77783203125,0.15944715111213612
2026-04-13 01:30:00,4744,4752.349,-8.34912109375,8.34912109375,0.1759932776928752
2026-04-13 02:00:00,4641,4603.0225,37.9775390625,37.9775390625,0.81830508645766
2026-04-13 02:30:00,4512,4551.045,-39.044921875,39.044921875,0.8653573110593971
2026-04-13 03:00:00,4421,4463.4956,-42.49560546875,42.49560546875,0.9612215668118074
2026-04-13 03:30:00,4408,4403.1514,4.8486328125,4.8486328125,0.10999620718012704
2026-04-13 04:00:00,4375,4404.924,-29.923828125,29.923828125,0.6839732142857143
2026-04-13 04:30:00,4397,4469.89,-72.89013671875,72.89013671875,1.6577242828917444
2026-04-13 05:00:00,4465,4491.9795,-26.9794921875,26.9794921875,0.6042439459686451
2026-04-13 05:30:00,4664,4649.4434,14.556640625,14.556640625,0.31210635988421953
2026-04-13 06:00:00,4880,4888.779,-8.77880859375,8.77880859375,0.17989361872438525
2026-04-13 06:30:00,5223,5185.585,37.4150390625,37.4150390625,0.7163515041642734
2026-04-13 07:00:00,5537,5435.3247,101.67529296875,101.67529296875,1.8362884769505146
2026-04-13 07:30:00,5790,5553.7744,236.2255859375,236.2255859375,4.07988922171848
2026-04-13 08:00:00,5884,5690.674,193.326171875,193.326171875,3.285624946889871
2026-04-13 08:30:00,5923,5695.2305,227.76953125,227.76953125,3.8455095601890936
2026-04-13 09:00:00,5731,5692.3594,38.640625,38.640625,0.674238789042052
2026-04-13 09:30:00,5710,5486.8774,223.12255859375,223.12255859375,3.9075754569833623
2026-04-13 10:00:00,5477,5451.976,25.02392578125,25.02392578125,0.45689110427697643
2026-04-13 10:30:00,5268,5221.0713,46.9287109375,46.9287109375,0.8908259479403948
2026-04-13 11:00:00,5031,5089.1104,-58.1103515625,58.1103515625,1.1550457476147884
2026-04-13 11:30:00,5030,4906.368,123.6318359375,123.6318359375,2.4578893824552686
2026-04-13 12:00:00,4956,4934.1587,21.84130859375,21.84130859375,0.4407043703339387
2026-04-13 12:30:00,4861,4880.054,-19.05419921875,19.05419921875,0.3919810577813207
2026-04-13 13:00:00,4924,4829.5044,94.49560546875,94.49560546875,1.9190821581793256
2026-04-13 13:30:00,4702,4911.207,-209.20703125,209.20703125,4.449320103147597
2026-04-13 14:00:00,4604,4658.174,-54.173828125,54.173828125,1.1766687255647263
2026-04-13 14:30:00,4600,4585.056,14.94384765625,14.94384765625,0.32486625339673914
2026-04-13 15:00:00,4746,4639.8525,106.1474609375,106.1474609375,2.2365668128423937
2026-04-13 15:30:00,4896,4826.5674,69.4326171875,69.4326171875,1.4181498608558007
2026-04-13 16:00:00,5228,5041.9795,186.0205078125,186.0205078125,3.5581581448450654
2026-04-13 16:30:00,5463,5485.8315,-22.83154296875,22.83154296875,0.41793049549240346
2026-04-13 17:00:00,5725,5675.4116,49.58837890625,49.58837890625,0.8661725573144106
2026-04-13 17:30:00,6086,5919.8887,166.111328125,166.111328125,2.7294007250246466
2026-04-13 18:00:00,6401,6253.9756,147.0244140625,147.0244140625,2.296897579479769
2026-04-13 18:30:00,6555,6403.371,151.62890625,151.62890625,2.313179347826087
2026-04-13 19:00:00,6579,6478.0747,100.92529296875,100.92529296875,1.5340521807075542
2026-04-13 19:30:00,6417,6529.6064,-112.6064453125,112.6064453125,1.754814482039894
2026-04-13 20:00:00,6316,6270.728,45.27197265625,45.27197265625,0.716782340979259
2026-04-13 20:30:00,6157,6105.7334,51.2666015625,51.2666015625,0.8326555394266688
2026-04-13 21:00:00,6034,5933.9985,100.00146484375,100.00146484375,1.6572997156736824
2026-04-13 21:30:00,5870,5813.449,56.55078125,56.55078125,0.9633863926746167
2026-04-13 22:00:00,5690,5641.6377,48.3623046875,48.3623046875,0.849952630711775
2026-04-13 22:30:00,5485,5513.773,-28.77294921875,28.77294921875,0.5245751908614403
2026-04-13 23:00:00,5339,5324.7695,14.23046875,14.23046875,0.2665380923393894
2026-04-13 23:30:00,5373,5344.6367,28.36328125,28.36328125,0.5278853759538433
2026-04-14 00:00:00,5247,5255.148,-8.14794921875,8.14794921875,0.15528776860587
2026-04-14 00:30:00,5094,5091.8384,2.16162109375,2.16162109375,0.04243465044660385
2026-04-14 01:00:00,4925,4929.5967,-4.5966796875,4.5966796875,0.09333359771573604
2026-04-14 01:30:00,4830,4798.178,31.82177734375,31.82177734375,0.6588359698498965
2026-04-14 02:00:00,4677,4717.1865,-40.1865234375,40.1865234375,0.8592371913085312
2026-04-14 02:30:00,4552,4581.505,-29.5048828125,29.5048828125,0.6481740512412126
2026-04-14 03:00:00,4482,4498.5796,-16.57958984375,16.57958984375,0.36991498982039267
2026-04-14 03:30:00,4429,4478.772,-49.77197265625,49.77197265625,1.123774501157146
2026-04-14 04:00:00,4435,4436.754,-1.75390625,1.75390625,0.039546927846674185
2026-04-14 04:30:00,4464,4503.5806,-39.58056640625,39.58056640625,0.8866614338317652
2026-04-14 05:00:00,4543,4572.657,-29.6572265625,29.6572265625,0.6528115025863966
2026-04-14 05:30:00,4679,4710.502,-31.501953125,31.501953125,0.673262516029066
2026-04-14 06:00:00,4836,4876.3555,-40.35546875,40.35546875,0.8344803298180316
2026-04-14 06:30:00,5177,5153.3706,23.62939453125,23.62939453125,0.4564302594407958
2026-04-14 07:00:00,5470,5434.01,35.990234375,35.990234375,0.6579567527422303
2026-04-14 07:30:00,5705,5637.23,67.77001953125,67.77001953125,1.1879056885407537
2026-04-14 08:00:00,5516,5713.6543,-197.654296875,197.654296875,3.583290371192893
2026-04-14 08:30:00,5539,5491.373,47.626953125,47.626953125,0.85984750180538
2026-04-14 09:00:00,5645,5383.235,261.76513671875,261.76513671875,4.637114910872453
2026-04-14 09:30:00,5548,5514.5903,33.40966796875,33.40966796875,0.6021930059255587
2026-04-14 10:00:00,5411,5352.524,58.47607421875,58.47607421875,1.0806888600766955
2026-04-14 10:30:00,5257,5278.748,-21.748046875,21.748046875,0.4136969160167396
2026-04-14 11:00:00,5109,5110.811,-1.81103515625,1.81103515625,0.03544793807496575
2026-04-14 11:30:00,5147,5004.9106,142.08935546875,142.08935546875,2.7606247419613363
2026-04-14 12:00:00,5193,5077.08,115.919921875,115.919921875,2.232234197477373
2026-04-14 12:30:00,5225,5174.343,50.6572265625,50.6572265625,0.96951629784689
2026-04-14 13:00:00,5266,5216.197,49.80322265625,49.80322265625,0.9457505251851499
2026-04-14 13:30:00,5315,5337.5615,-22.5615234375,22.5615234375,0.4244877410630291
2026-04-14 14:00:00,5314,5345.958,-31.9580078125,31.9580078125,0.6013926950037637
2026-04-14 14:30:00,5203,5278.79,-75.7900390625,75.7900390625,1.4566603702191043
2026-04-14 15:00:00,5162,5204.587,-42.5869140625,42.5869140625,0.8250080213580008
2026-04-14 15:30:00,5264,5235.4175,28.58251953125,28.58251953125,0.5429809941346885
2026-04-14 16:00:00,5373,5483.4956,-110.49560546875,110.49560546875,2.05649740310348
2026-04-14 16:30:00,5558,5553.339,4.6611328125,4.6611328125,0.0838634906890968
2026-04-14 17:00:00,5822,5751.068,70.93212890625,70.93212890625,1.2183464257342838
2026-04-14 17:30:00,6109,5969.4717,139.5283203125,139.5283203125,2.2839797071943035
2026-04-14 18:00:00,6391,6274.521,116.47900390625,116.47900390625,1.8225473933069942
2026-04-14 18:30:00,6532,6372.087,159.9130859375,159.9130859375,2.4481488967774037
2026-04-14 19:00:00,6528,6475.417,52.5830078125,52.5830078125,0.8054995069316789
2026-04-14 19:30:00,6369,6439.9697,-70.9697265625,70.9697265625,1.114299365088711
2026-04-14 20:00:00,6286,6268.5044,17.49560546875,17.49560546875,0.2783265267061724
2026-04-14 20:30:00,6120,6094.6655,25.33447265625,25.33447265625,0.413961971507353
2026-04-14 21:00:00,5980,5926.3076,53.6923828125,53.6923828125,0.8978659333193979
2026-04-14 21:30:00,5836,5746.6353,89.36474609375,89.36474609375,1.5312670680903016
2026-04-14 22:00:00,5664,5611.87,52.1298828125,52.1298828125,0.9203722247969632
2026-04-14 22:30:00,5471,5456.212,14.7880859375,14.7880859375,0.2702995053463718
2026-04-14 23:00:00,5309,5272.9106,36.08935546875,36.08935546875,0.6797768971322283
2026-04-14 23:30:00,5345,5305.453,39.546875,39.546875,0.7398854069223574
2026-04-15 00:00:00,5230,5251.2876,-21.28759765625,21.28759765625,0.407028635874761
2026-04-15 00:30:00,5107,5049.882,57.1181640625,57.1181640625,1.1184289027315448
2026-04-15 01:00:00,4953,4939.972,13.02783203125,13.02783203125,0.2630291142994145
2026-04-15 01:30:00,4851,4813.253,37.7470703125,37.7470703125,0.7781296704287776
2026-04-15 02:00:00,4680,4739.2603,-59.26025390625,59.26025390625,1.2662447415865383
2026-04-15 02:30:00,4567,4580.0693,-13.0693359375,13.0693359375,0.2861689498029341
2026-04-15 03:00:00,4484,4494.434,-10.43408203125,10.43408203125,0.23269585261485282
2026-04-15 03:30:00,4449,4480.9175,-31.91748046875,31.91748046875,0.7174079673803102
2026-04-15 04:00:00,4417,4475.1123,-58.1123046875,58.1123046875,1.3156510003961965
2026-04-15 04:30:00,4430,4502.9233,-72.92333984375,72.92333984375,1.6461250529063207
2026-04-15 05:00:00,4520,4510.427,9.5732421875,9.5732421875,0.2117973935287611
2026-04-15 05:30:00,4668,4695.5664,-27.56640625,27.56640625,0.5905399796486718
2026-04-15 06:00:00,4826,4886.2856,-60.28564453125,60.28564453125,1.249184511629714
2026-04-15 06:30:00,5157,5127.9526,29.04736328125,29.04736328125,0.5632608741758774
2026-04-15 07:00:00,5473,5408.495,64.5048828125,64.5048828125,1.1786019150831355
2026-04-15 07:30:00,5707,5560.555,146.44482421875,146.44482421875,2.566056145413527
2026-04-15 08:00:00,5794,5629.8306,164.16943359375,164.16943359375,2.833438619153435
2026-04-15 08:30:00,5825,5636.8213,188.1787109375,188.1787109375,3.230535810085837
2026-04-15 09:00:00,5687,5666.2974,20.70263671875,20.70263671875,0.3640344068709337
2026-04-15 09:30:00,5507,5554.378,-47.3779296875,47.3779296875,0.860321948202288
2026-04-15 10:00:00,5305,5280.8027,24.197265625,24.197265625,0.4561218779453346
2026-04-15 10:30:00,5142,5122.5513,19.44873046875,19.44873046875,0.3782327979142357
2026-04-15 11:00:00,5020,4974.0776,45.92236328125,45.92236328125,0.9147881131723108
2026-04-15 11:30:00,4974,4853.032,120.9677734375,120.9677734375,2.432001878518295
2026-04-15 12:00:00,4983,4852.2993,130.70068359375,130.70068359375,2.6229316394491273
2026-04-15 12:30:00,4955,4926.4077,28.59228515625,28.59228515625,0.577039054616549
2026-04-15 13:00:00,4891,4894.3716,-3.37158203125,3.37158203125,0.06893441078000409
2026-04-15 13:30:00,4804,4808.709,-4.708984375,4.708984375,0.09802215601582016
2026-04-15 14:00:00,4830,4749.69,80.31005859375,80.31005859375,1.6627341323757765
2026-04-15 14:30:00,4915,4767.6377,147.3623046875,147.3623046875,2.998215761698881
2026-04-15 15:00:00,5061,4941.2954,119.70458984375,119.70458984375,2.3652359186672594
2026-04-15 15:30:00,5144,5155.9966,-11.99658203125,11.99658203125,0.2332150472638025
2026-04-15 16:00:00,5281,5291.675,-10.6748046875,10.6748046875,0.20213604786025371
2026-04-15 16:30:00,5495,5523.1094,-28.109375,28.109375,0.5115445859872612
2026-04-15 17:00:00,5757,5749.1333,7.86669921875,7.86669921875,0.13664580890654857
2026-04-15 17:30:00,6010,5888.7007,121.29931640625,121.29931640625,2.018291454346922
2026-04-15 18:00:00,6293,6176.3247,116.67529296875,116.67529296875,1.8540488315390118
2026-04-15 18:30:00,6190,6350.743,-160.7431640625,160.7431640625,2.5968200979402263
2026-04-15 19:00:00,6165,6132.6855,32.314453125,32.314453125,0.5241598236009732
2026-04-15 19:30:00,6320,6022.269,297.73095703125,297.73095703125,4.7109328644185124
2026-04-15 20:00:00,6226,6169.9,56.10009765625,56.10009765625,0.9010616391945069
2026-04-15 20:30:00,6102,6033.3037,68.6962890625,68.6962890625,1.1257995585463783
2026-04-15 21:00:00,5987,5944.482,42.51806640625,42.51806640625,0.7101731485927844
2026-04-15 21:30:00,5845,5750.3535,94.646484375,94.646484375,1.6192726154833192
2026-04-15 22:00:00,5666,5636.8994,29.1005859375,29.1005859375,0.513600175388281
2026-04-15 22:30:00,5469,5452.048,16.9521484375,16.9521484375,0.3099679728926678
2026-04-15 23:00:00,5319,5256.6265,62.37353515625,62.37353515625,1.1726552952857678
2026-04-15 23:30:00,5327,5296.1284,30.87158203125,30.87158203125,0.5795303553829547
2026-04-16 00:00:00,5248,5219.7954,28.20458984375,28.20458984375,0.5374350198885289
2026-04-16 00:30:00,5084,5078.185,5.81494140625,5.81494140625,0.11437728965873327
2026-04-16 01:00:00,4934,4918.3955,15.6044921875,15.6044921875,0.3162645356201864
2026-04-16 01:30:00,4820,4779.3223,40.677734375,40.677734375,0.8439363978215767
2026-04-16 02:00:00,4673,4674.139,-1.13916015625,1.13916015625,0.024377491038947142
2026-04-16 02:30:00,4580,4564.6367,15.36328125,15.36328125,0.3354428220524017
2026-04-16 03:00:00,4498,4518.82,-20.81982421875,20.81982421875,0.46286847974099604
2026-04-16 03:30:00,4452,4482.2617,-30.26171875,30.26171875,0.6797331255615453
2026-04-16 04:00:00,4437,4464.5117,-27.51171875,27.51171875,0.6200522594095109
2026-04-16 04:30:00,4449,4478.325,-29.3251953125,29.3251953125,0.6591412747246572
2026-04-16 05:00:00,4496,4540.0415,-44.04150390625,44.04150390625,0.9795708164201512
2026-04-16 05:30:00,4655,4636.8296,18.17041015625,18.17041015625,0.3903417863856069
2026-04-16 06:00:00,4803,4846.1807,-43.1806640625,43.1806640625,0.8990352709244223
2026-04-16 06:30:00,5187,5071.43,115.56982421875,115.56982421875,2.2280667865577404
2026-04-16 07:00:00,5512,5456.422,55.578125,55.578125,1.0083114114658924
2026-04-16 07:30:00,5627,5602.9893,24.0107421875,24.0107421875,0.4267059212280078
2026-04-16 08:00:00,5625,5538.681,86.31884765625,86.31884765625,1.5345572916666665
2026-04-16 08:30:00,5444,5434.2285,9.771484375,9.771484375,0.17949089594048495
2026-04-16 09:00:00,5185,5229.1772,-44.17724609375,44.17724609375,0.852020175385728
2026-04-16 09:30:00,4753,4946.7114,-193.71142578125,193.71142578125,4.075561240926783
2026-04-16 10:00:00,4357,4493.0176,-136.017578125,136.017578125,3.121817262451228
2026-04-16 10:30:00,4113,4077.1294,35.87060546875,35.87060546875,0.8721275338864576
2026-04-16 11:00:00,3942,3854.3628,87.63720703125,87.63720703125,2.2231660839992387
2026-04-16 11:30:00,3828,3820.5574,7.442626953125,7.442626953125,0.19442599146094566
2026-04-16 12:00:00,3650,3694.9094,-44.909423828125,44.909423828125,1.2303951733732876
2026-04-16 12:30:00,3682,3601.5728,80.42724609375,80.42724609375,2.184335852627648
2026-04-16 13:00:00,3937,3691.513,245.487060546875,245.487060546875,6.235383808658242
2026-04-16 13:30:00,4041,3919.2944,121.70556640625,121.70556640625,3.0117685326961148
2026-04-16 14:00:00,4191,4104.5254,86.474609375,86.474609375,2.063340715223097
2026-04-16 14:30:00,4365,4320.0957,44.904296875,44.904296875,1.0287353235967927
2026-04-16 15:00:00,4773,4570.838,202.162109375,202.162109375,4.235535499161953
2026-04-16 15:30:00,5268,4954.926,313.07421875,313.07421875,5.942942649012909
2026-04-16 16:00:00,5559,5582.075,-23.0751953125,23.0751953125,0.4150961560082748
2026-04-16 16:30:00,5587,5814.6924,-227.6923828125,227.6923828125,4.0753961484249155
2026-04-16 17:00:00,5768,5704.827,63.1728515625,63.1728515625,1.0952297427617892
2026-04-16 17:30:00,6061,5867.642,193.35791015625,193.35791015625,3.19019815469807
2026-04-16 18:00:00,6318,6226.1494,91.8505859375,91.8505859375,1.4537921167695473
2026-04-16 18:30:00,6355,6280.126,74.8740234375,74.8740234375,1.1781907700629426
2026-04-16 19:00:00,6255,6211.181,43.81884765625,43.81884765625,0.7005411295963229
2026-04-16 19:30:00,6142,6129.461,12.5390625,12.5390625,0.20415275968739827
2026-04-16 20:00:00,6036,6035.077,0.9228515625,0.9228515625,0.01528912462723658
2026-04-16 20:30:00,5917,5865.883,51.1171875,51.1171875,0.8639037941524421
2026-04-16 21:00:00,5810,5733.5786,76.42138671875,76.42138671875,1.3153422843158349
2026-04-16 21:30:00,5627,5636.336,-9.3359375,9.3359375,0.1659132308512529
2026-04-16 22:00:00,5467,5431.387,35.61279296875,35.61279296875,0.651413809561917
2026-04-16 22:30:00,5306,5255.835,50.1650390625,50.1650390625,0.945439861713155
2026-04-16 23:00:00,5191,5147.6123,43.3876953125,43.3876953125,0.8358253768541707
2026-04-16 23:30:00,5267,5240.301,26.69921875,26.69921875,0.5069151082209987
2026-04-17 00:00:00,5135,5193.347,-58.34716796875,58.34716796875,1.136264225292113
2026-04-17 00:30:00,5008,4959.002,48.998046875,48.998046875,0.9783955046924921
2026-04-17 01:00:00,4848,4834.3755,13.62451171875,13.62451171875,0.2810336575649752
2026-04-17 01:30:00,4713,4709.381,3.619140625,3.619140625,0.07679059251007851
2026-04-17 02:00:00,4600,4562.725,37.27490234375,37.27490234375,0.8103239639945652
2026-04-17 02:30:00,4466,4501.9854,-35.9853515625,35.9853515625,0.8057624622145096
2026-04-17 03:00:00,4422,4410.194,11.80615234375,11.80615234375,0.26698671062302126
2026-04-17 03:30:00,4383,4401.068,-18.06787109375,18.06787109375,0.4122261257985398
2026-04-17 04:00:00,4347,4374.584,-27.583984375,27.583984375,0.6345522055440533
2026-04-17 04:30:00,4392,4422.315,-30.31494140625,30.31494140625,0.6902309063353825
2026-04-17 05:00:00,4434,4474.1807,-40.1806640625,40.1806640625,0.9061944984776726
2026-04-17 05:30:00,4611,4569.2866,41.71337890625,41.71337890625,0.9046492931305574
2026-04-17 06:00:00,4776,4798.184,-22.18408203125,22.18408203125,0.4644908298000419
2026-04-17 06:30:00,5050,5073.3877,-23.3876953125,23.3876953125,0.46312267945544555
2026-04-17 07:00:00,5348,5223.1826,124.8173828125,124.8173828125,2.3339076816099475
2026-04-17 07:30:00,5514,5432.4004,81.599609375,81.599609375,1.4798623390460646
2026-04-17 08:00:00,5651,5439.632,211.3681640625,211.3681640625,3.7403674404972573
2026-04-17 08:30:00,5607,5458.9575,148.04248046875,148.04248046875,2.6403153284956304
2026-04-17 09:00:00,5483,5344.2007,138.79931640625,138.79931640625,2.5314484115675726
2026-04-17 09:30:00,5323,5291.1084,31.8916015625,31.8916015625,0.5991283404565095
2026-04-17 10:00:00,5130,5074.3237,55.67626953125,55.67626953125,1.0853073982699806
2026-04-17 10:30:00,5120,4894.182,225.81787109375,225.81787109375,4.410505294799805
2026-04-17 11:00:00,4967,4824.022,142.97802734375,142.97802734375,2.8785590365160054
2026-04-17 11:30:00,4600,4790.0137,-190.013671875,190.013671875,4.130731997282608
2026-04-17 12:00:00,4477,4402.146,74.85400390625,74.85400390625,1.671967922855707
2026-04-17 12:30:00,4488,4297.004,190.99609375,190.99609375,4.25570618872549
2026-04-17 13:00:00,4075,4363.171,-288.1708984375,288.1708984375,7.071678489263804
2026-04-17 13:30:00,3952,3941.9617,10.038330078125,10.038330078125,0.2540063278877783
2026-04-17 14:00:00,3833,3938.7742,-105.774169921875,105.774169921875,2.7595661341475344
2026-04-17 14:30:00,3868,3832.711,35.2890625,35.2890625,0.912333570320579
2026-04-17 15:00:00,4030,3968.048,61.951904296875,61.951904296875,1.53726809669665
2026-04-17 15:30:00,4222,4240.3604,-18.3603515625,18.3603515625,0.4348733198128849
2026-04-17 16:00:00,4590,4537.9976,52.00244140625,52.00244140625,1.132950793164488
2026-04-17 16:30:00,4998,4944.2134,53.78662109375,53.78662109375,1.0761628870298119
2026-04-17 17:00:00,5472,5362.2295,109.7705078125,109.7705078125,2.006039981953582
2026-04-17 17:30:00,5915,5772.703,142.296875,142.296875,2.4056952662721893
2026-04-17 18:00:00,6314,6228.5244,85.4755859375,85.4755859375,1.3537470056620209
2026-04-17 18:30:00,6545,6474.328,70.671875,70.671875,1.0797841864018336
2026-04-17 19:00:00,6584,6590.771,-6.77099609375,6.77099609375,0.10284015938259418
2026-04-17 19:30:00,6476,6563.015,-87.01513671875,87.01513671875,1.3436556009689622
2026-04-17 20:00:00,6386,6332.8555,53.14453125,53.14453125,0.8322037464766677
2026-04-17 20:30:00,6262,6244.308,17.69189453125,17.69189453125,0.28252785901069943
2026-04-17 21:00:00,6125,6039.9766,85.0234375,85.0234375,1.3881377551020408
2026-04-17 21:30:00,6001,5921.972,79.02783203125,79.02783203125,1.3169110486793867
2026-04-17 22:00:00,5838,5782.1265,55.87353515625,55.87353515625,0.9570663781474821
2026-04-17 22:30:00,5624,5623.8027,0.197265625,0.197265625,0.003507568012091038
2026-04-17 23:00:00,5483,5448.935,34.06494140625,34.06494140625,0.6212828999863214
2026-04-17 23:30:00,5503,5496.8604,6.1396484375,6.1396484375,0.11156911570961293
2026-04-18 00:00:00,5380,5386.4414,-6.44140625,6.44140625,0.1197287407063197
2026-04-18 00:30:00,5188,5183.167,4.8330078125,4.8330078125,0.09315743663261374
2026-04-18 01:00:00,4994,5005.112,-11.11181640625,11.11181640625,0.22250333212354825
2026-04-18 01:30:00,4843,4848.771,-5.77099609375,5.77099609375,0.11916159598905637
2026-04-18 02:00:00,4712,4704.278,7.72216796875,7.72216796875,0.16388302140810695
2026-04-18 02:30:00,4582,4580.7437,1.25634765625,1.25634765625,0.027419198084897428
2026-04-18 03:00:00,4494,4492.448,1.5517578125,1.5517578125,0.034529546339563864
2026-04-18 03:30:00,4457,4446.2324,10.767578125,10.767578125,0.24158802165133497
2026-04-18 04:00:00,4402,4418.8745,-16.87451171875,16.87451171875,0.3833373857053612
2026-04-18 04:30:00,4372,4416.9395,-44.939453125,44.939453125,1.0278923404620313
2026-04-18 05:00:00,4390,4420.8105,-30.810546875,30.810546875,0.7018347807517084
2026-04-18 05:30:00,4442,4452.8877,-10.8876953125,10.8876953125,0.24510795390589823
2026-04-18 06:00:00,4509,4539.1143,-30.1142578125,30.1142578125,0.6678699891882901
2026-04-18 06:30:00,4637,4651.714,-14.7138671875,14.7138671875,0.3173143667780893
2026-04-18 07:00:00,4855,4746.1187,108.88134765625,108.88134765625,2.242664215370752
2026-04-18 07:30:00,4960,4882.4873,77.5126953125,77.5126953125,1.5627559538810485
2026-04-18 08:00:00,4985,4926.874,58.1259765625,58.1259765625,1.166017584002006
2026-04-18 08:30:00,5016,4910.8076,105.1923828125,105.1923828125,2.0971368184310206
2026-04-18 09:00:00,4925,4890.7188,34.28125,34.28125,0.6960659898477157
2026-04-18 09:30:00,4815,4804.4966,10.50341796875,10.50341796875,0.21813952167705086
2026-04-18 10:00:00,4643,4656.0425,-13.04248046875,13.04248046875,0.28090632067090243
2026-04-18 10:30:00,4479,4505.1436,-26.1435546875,26.1435546875,0.5836917769033266
2026-04-18 11:00:00,4318,4354.5503,-36.55029296875,36.55029296875,0.8464634777385363
2026-04-18 11:30:00,4205,4123.809,81.19091796875,81.19091796875,1.930818501040428
2026-04-18 12:00:00,3984,4031.9924,-47.992431640625,47.992431640625,1.2046293082486195
2026-04-18 12:30:00,3764,3793.2793,-29.279296875,29.279296875,0.7778771752125399
2026-04-18 13:00:00,3488,3643.7534,-155.75341796875,155.75341796875,4.46540762525086
2026-04-18 13:30:00,3270,3389.804,-119.803955078125,119.803955078125,3.6637295130925076
2026-04-18 14:00:00,3173,3260.2205,-87.220458984375,87.220458984375,2.748832618480145
2026-04-18 14:30:00,3125,3219.7798,-94.77978515625,94.77978515625,3.032953125
2026-04-18 15:00:00,3218,3299.6292,-81.629150390625,81.629150390625,2.5366423365638595
2026-04-18 15:30:00,3447,3464.2483,-17.248291015625,17.248291015625,0.5003855821185088
2026-04-18 16:00:00,3807,3796.26,10.739990234375,10.739990234375,0.2821116426155766
2026-04-18 16:30:00,4231,4237.3247,-6.32470703125,6.32470703125,0.14948492156109666
2026-04-18 17:00:00,4804,4686.236,117.76416015625,117.76416015625,2.451377188931099
2026-04-18 17:30:00,5323,5250.372,72.6279296875,72.6279296875,1.3644172400432086
2026-04-18 18:00:00,5798,5646.8184,151.181640625,151.181640625,2.607479141514315
2026-04-18 18:30:00,6034,6048.783,-14.783203125,14.783203125,0.24499839451441832
2026-04-18 19:00:00,6083,6083.427,-0.4267578125,0.4267578125,0.007015581333223738
2026-04-18 19:30:00,6058,5974.272,83.72802734375,83.72802734375,1.3821067570774181
2026-04-18 20:00:00,6013,5947.836,65.1640625,65.1640625,1.0837196490936305
2026-04-18 20:30:00,5943,5868.4536,74.54638671875,74.54638671875,1.254356162186606
2026-04-18 21:00:00,5888,5771.4644,116.53564453125,116.53564453125,1.979205919348675
2026-04-18 21:30:00,5805,5722.716,82.2841796875,82.2841796875,1.4174707956503014
2026-04-18 22:00:00,5697,5661.3267,35.67333984375,35.67333984375,0.6261776346103212
2026-04-18 22:30:00,5568,5543.4565,24.54345703125,24.54345703125,0.4407948461072198
2026-04-18 23:00:00,5467,5391.758,75.2421875,75.2421875,1.376297558075727
2026-04-18 23:30:00,5464,5426.4946,37.50537109375,37.50537109375,0.6864086949807833
2026-04-19 00:00:00,5430,5314.3613,115.638671875,115.638671875,2.12962563305709
2026-04-19 00:30:00,5243,5251.2007,-8.20068359375,8.20068359375,0.15641204641903492
2026-04-19 01:00:00,5069,5063.944,5.05615234375,5.05615234375,0.09974654456007104
2026-04-19 01:30:00,4952,4913.099,38.90087890625,38.90087890625,0.7855589439872779
2026-04-19 02:00:00,4782,4784.4653,-2.46533203125,2.46533203125,0.05155441303324969
2026-04-19 02:30:00,4657,4665.5405,-8.54052734375,8.54052734375,0.18339118195726864
2026-04-19 03:00:00,4585,4557.7476,27.25244140625,27.25244140625,0.594382582470011
2026-04-19 03:30:00,4525,4536.275,-11.27490234375,11.27490234375,0.24916911256906074
2026-04-19 04:00:00,4510,4475.414,34.5859375,34.5859375,0.7668722283813747
2026-04-19 04:30:00,4504,4525.412,-21.412109375,21.412109375,0.4754020731571936
2026-04-19 05:00:00,4517,4518.3647,-1.36474609375,1.36474609375,0.03021355089107815
2026-04-19 05:30:00,4604,4594.624,9.3759765625,9.3759765625,0.20364849180060815
2026-04-19 06:00:00,4653,4681.5625,-28.5625,28.5625,0.6138512787448958
2026-04-19 06:30:00,4838,4818.579,19.4208984375,19.4208984375,0.40142410991112026
2026-04-19 07:00:00,5002,4984.54,17.4599609375,17.4599609375,0.3490595949120352
2026-04-19 07:30:00,5067,5024.027,42.97314453125,42.97314453125,0.8480983724343792
2026-04-19 08:00:00,5044,4983.057,60.94287109375,60.94287109375,1.2082250415097144
2026-04-19 08:30:00,5027,4934.141,92.85888671875,92.85888671875,1.8472028390441615
2026-04-19 09:00:00,4937,4868.212,68.7880859375,68.7880859375,1.393317519495645
2026-04-19 09:30:00,4733,4693.8306,39.16943359375,39.16943359375,0.8275815253274879
2026-04-19 10:00:00,4351,4566.1523,-215.15234375,215.15234375,4.944894133532522
2026-04-19 10:30:00,4034,4126.43,-92.43017578125,92.43017578125,2.291278527051314
2026-04-19 11:00:00,3599,3796.4285,-197.428466796875,197.428466796875,5.485647868765629
2026-04-19 11:30:00,3371,3360.2761,10.723876953125,10.723876953125,0.31812153524547615
2026-04-19 12:00:00,3236,3159.6616,76.33837890625,76.33837890625,2.3590351948779356
2026-04-19 12:30:00,3142,3079.7,62.300048828125,62.300048828125,1.9828150486354235
2026-04-19 13:00:00,2982,3055.5203,-73.520263671875,73.520263671875,2.4654682653210935
2026-04-19 13:30:00,2907,2979.3853,-72.38525390625,72.38525390625,2.490032814112487
2026-04-19 14:00:00,2921,2906.9563,14.043701171875,14.043701171875,0.4807840182086614
2026-04-19 14:30:00,3055,2957.9658,97.0341796875,97.0341796875,3.17624156096563
2026-04-19 15:00:00,3287,3225.308,61.69189453125,61.69189453125,1.876844981175844
2026-04-19 15:30:00,3628,3539.0198,88.980224609375,88.980224609375,2.45259715020328
2026-04-19 16:00:00,4047,4046.5396,0.46044921875,0.46044921875,0.011377544322955275
2026-04-19 16:30:00,4512,4464.415,47.5849609375,47.5849609375,1.0546312264516844
2026-04-19 17:00:00,5052,4974.695,77.30517578125,77.30517578125,1.5301895443636184
2026-04-19 17:30:00,5471,5401.1953,69.8046875,69.8046875,1.2759036282215317
2026-04-19 18:00:00,5874,5734.0425,139.95751953125,139.95751953125,2.3826612109508
2026-04-19 18:30:00,6116,6013.3975,102.6025390625,102.6025390625,1.6776085523626554
2026-04-19 19:00:00,6198,6186.2,11.7998046875,11.7998046875,0.1903808436189093
2026-04-19 19:30:00,6120,6149.9766,-29.9765625,29.9765625,0.48981311274509803
2026-04-19 20:00:00,6026,5974.2837,51.71630859375,51.71630859375,0.8582195252862597
2026-04-19 20:30:00,5901,5851.668,49.33203125,49.33203125,0.8359944289103542
2026-04-19 21:00:00,5789,5706.2295,82.7705078125,82.7705078125,1.429789390438763
2026-04-19 21:30:00,5644,5602.5664,41.43359375,41.43359375,0.7341175363217576
2026-04-19 22:00:00,5486,5435.0312,50.96875,50.96875,0.9290694495078381
2026-04-19 22:30:00,5324,5292.2397,31.76025390625,31.76025390625,0.5965487210039444
2026-04-19 23:00:00,5158,5137.7505,20.24951171875,20.24951171875,0.3925845622091896
2026-04-19 23:30:00,5198,5171.9985,26.00146484375,26.00146484375,0.5002205625961909
2026-04-20 00:00:00,5138,5146.761,-8.76123046875,8.76123046875,0.1705183041796419
2026-04-20 00:30:00,5010,4958.4434,51.556640625,51.556640625,1.0290746631736527
2026-04-20 01:00:00,4873,4839.7085,33.29150390625,33.29150390625,0.683182924404884
2026-04-20 01:30:00,4767,4756.557,10.44287109375,10.44287109375,0.21906589246381372
2026-04-20 02:00:00,4624,4646.0083,-22.00830078125,22.00830078125,0.47595806187824397
2026-04-20 02:30:00,4521,4532.5254,-11.525390625,11.525390625,0.2549301177836762
2026-04-20 03:00:00,4459,4472.173,-13.1728515625,13.1728515625,0.29542165423861855
2026-04-20 03:30:00,4464,4445.9077,18.09228515625,18.09228515625,0.4052931262600807
2026-04-20 04:00:00,4398,4485.8228,-87.82275390625,87.82275390625,1.996879352120282
2026-04-20 04:30:00,4474,4526.087,-52.0869140625,52.0869140625,1.1642135463232008
2026-04-20 05:00:00,4559,4639.881,-80.880859375,80.880859375,1.7740921117569641
2026-04-20 05:30:00,4756,4787.4536,-31.45361328125,31.45361328125,0.6613459478816232
2026-04-20 06:00:00,4996,5023.743,-27.7431640625,27.7431640625,0.5553075272718174
2026-04-20 06:30:00,5467,5400.536,66.4638671875,66.4638671875,1.2157283187762942
2026-04-20 07:00:00,5708,5784.4917,-76.49169921875,76.49169921875,1.3400788230334617
2026-04-20 07:30:00,5922,5712.2837,209.71630859375,209.71630859375,3.5413088246158395
2026-04-20 08:00:00,6062,5808.405,253.59521484375,253.59521484375,4.183358872381227
2026-04-20 08:30:00,5991,5851.346,139.65380859375,139.65380859375,2.3310600666624937
2026-04-20 09:00:00,5561,5741.3086,-180.30859375,180.30859375,3.2423771578852727
2026-04-20 09:30:00,5149,5180.032,-31.0322265625,31.0322265625,0.6026845321907166
2026-04-20 10:00:00,4673,4736.7983,-63.79833984375,63.79833984375,1.3652544370586348
2026-04-20 10:30:00,4320,4317.4414,2.55859375,2.55859375,0.05922670717592593
2026-04-20 11:00:00,4021,4020.251,0.7490234375,0.7490234375,0.0186277900397911
2026-04-20 11:30:00,3894,3793.2847,100.71533203125,100.71533203125,2.5864235241718028
2026-04-20 12:00:00,3761,3666.0447,94.955322265625,94.955322265625,2.5247360347148367
2026-04-20 12:30:00,3675,3613.9092,61.0908203125,61.0908203125,1.6623352465986396
2026-04-20 13:00:00,3666,3575.2048,90.795166015625,90.795166015625,2.4766821062636386
2026-04-20 13:30:00,3723,3623.4094,99.590576171875,99.590576171875,2.6750087609958366
2026-04-20 14:00:00,3785,3751.3528,33.647216796875,33.647216796875,0.8889621346598415
2026-04-20 14:30:00,3889,3851.7349,37.26513671875,37.26513671875,0.9582189950822834
2026-04-20 15:00:00,4103,4047.7234,55.276611328125,55.276611328125,1.3472242585455765
2026-04-20 15:30:00,4340,4402.3135,-62.3134765625,62.3134765625,1.4357943908410138
2026-04-20 16:00:00,4743,4681.426,61.57421875,61.57421875,1.2982124973645373
2026-04-20 16:30:00,5165,5114.426,50.57421875,50.57421875,0.9791717086156825
2026-04-20 17:00:00,5619,5526.158,92.841796875,92.841796875,1.6522832688200748
2026-04-20 17:30:00,6018,5959.087,58.9130859375,58.9130859375,0.9789479218594218
2026-04-20 18:00:00,6348,6281.107,66.89306640625,66.89306640625,1.053766011440611
2026-04-20 18:30:00,6456,6443.387,12.61279296875,12.61279296875,0.19536544251471502
2026-04-20 19:00:00,6445,6432.9976,12.00244140625,12.00244140625,0.18622872624127232
2026-04-20 19:30:00,6322,6326.108,-4.10791015625,4.10791015625,0.06497801575846252
2026-04-20 20:00:00,6169,6175.3384,-6.33837890625,6.33837890625,0.10274564607310747
2026-04-20 20:30:00,6032,5984.1104,47.8896484375,47.8896484375,0.793926532451923
2026-04-20 21:00:00,5907,5820.5957,86.404296875,86.404296875,1.4627441488911461
2026-04-20 21:30:00,5714,5665.259,48.7412109375,48.7412109375,0.853013842098355
2026-04-20 22:00:00,5518,5516.553,1.44677734375,1.44677734375,0.02621923421076477
2026-04-20 22:30:00,5346,5313.1772,32.82275390625,32.82275390625,0.6139684606481481
2026-04-20 23:00:00,5233,5180.66,52.33984375,52.33984375,1.0001881091152303
2026-04-20 23:30:00,5266,5255.9023,10.09765625,10.09765625,0.19175192271173566
2026-04-21 00:00:00,5180,5202.4653,-22.46533203125,22.46533203125,0.43369366855694985
2026-04-21 00:30:00,5021,5017.8184,3.181640625,3.181640625,0.06336667247560247
2026-04-21 01:00:00,4870,4874.027,-4.02685546875,4.02685546875,0.08268697061088295
2026-04-21 01:30:00,4711,4750.3477,-39.34765625,39.34765625,0.835229383358098
2026-04-21 02:00:00,4606,4586.629,19.37109375,19.37109375,0.4205621743378202
2026-04-21 02:30:00,4505,4519.061,-14.06103515625,14.06103515625,0.3121206471975583
2026-04-21 03:00:00,4439,4453.739,-14.73876953125,14.73876953125,0.3320290500394233
2026-04-21 03:30:00,4408,4418.9233,-10.92333984375,10.92333984375,0.24780716523933755
2026-04-21 04:00:00,4398,4412.6226,-14.62255859375,14.62255859375,0.3324820053149159
2026-04-21 04:30:00,4427,4507.5073,-80.50732421875,80.50732421875,1.8185526139315562
2026-04-21 05:00:00,4465,4524.7837,-59.78369140625,59.78369140625,1.3389404570268757
2026-04-21 05:30:00,4650,4668.849,-18.84912109375,18.84912109375,0.40535744287634407
2026-04-21 06:00:00,4868,4910.995,-42.9951171875,42.9951171875,0.8832193341721447
2026-04-21 06:30:00,5265,5245.9746,19.025390625,19.025390625,0.3613559472934473
2026-04-21 07:00:00,5634,5580.9316,53.068359375,53.068359375,0.941930411341853
2026-04-21 07:30:00,5955,5714.8433,240.15673828125,240.15673828125,4.032858745277077
2026-04-21 08:00:00,5958,6018.204,-60.2041015625,60.2041015625,1.0104750178331654
2026-04-21 08:30:00,5692,5821.3833,-129.38330078125,129.38330078125,2.273072747386683
2026-04-21 09:00:00,5339,5408.4688,-69.46875,69.46875,1.3011565836298933
2026-04-21 09:30:00,4861,5056.9736,-195.9736328125,195.9736328125,4.031549738994034
2026-04-21 10:00:00,4525,4317.9595,207.04052734375,207.04052734375,4.575481267265193
2026-04-21 10:30:00,4265,4269.0293,-4.029296875,4.029296875,0.09447354923798358
2026-04-21 11:00:00,3986,4031.1296,-45.129638671875,45.129638671875,1.13220367967574
2026-04-21 11:30:00,3860,3781.8628,78.13720703125,78.13720703125,2.02427997490285
2026-04-21 12:00:00,3810,3714.2354,95.7646484375,95.7646484375,2.5135078330052494
2026-04-21 12:30:00,3716,3756.7769,-40.77685546875,40.77685546875,1.0973319555637784
2026-04-21 13:00:00,3698,3723.179,-25.178955078125,25.178955078125,0.6808803428373444
2026-04-21 13:30:00,3754,3732.3809,21.619140625,21.619140625,0.5758961274640383
2026-04-21 14:00:00,3829,3871.2102,-42.210205078125,42.210205078125,1.1023819555530163
2026-04-21 14:30:00,3959,3923.4624,35.53759765625,35.53759765625,0.8976407591879263
2026-04-21 15:00:00,4206,4136.7715,69.228515625,69.228515625,1.6459466387303852
2026-04-21 15:30:00,4454,4558.498,-104.498046875,104.498046875,2.346161806802874
2026-04-21 16:00:00,4904,4814.09,89.91015625,89.91015625,1.8334044912316476
2026-04-21 16:30:00,5270,5297.8247,-27.82470703125,27.82470703125,0.5279830556214421
2026-04-21 17:00:00,5695,5681.6763,13.32373046875,13.32373046875,0.2339548809262511
2026-04-21 17:30:00,6042,6001.8647,40.13525390625,40.13525390625,0.6642710014275075
2026-04-21 18:00:00,6248,6339.5327,-91.53271484375,91.53271484375,1.464992235015205
2026-04-21 18:30:00,6341,6427.1987,-86.19873046875,86.19873046875,1.3593870125965937
2026-04-21 19:00:00,6283,6305.9707,-22.970703125,22.970703125,0.36560087736749963
2026-04-21 19:30:00,6107,6188.111,-81.11083984375,81.11083984375,1.3281617790036024
2026-04-21 20:00:00,5968,6041.3457,-73.345703125,73.345703125,1.2289829612097856
2026-04-21 20:30:00,5853,5804.534,48.4658203125,48.4658203125,0.8280509194003076
2026-04-21 21:00:00,5718,5677.0405,40.95947265625,40.95947265625,0.7163251601302904
2026-04-21 21:30:00,5638,5526.4946,111.50537109375,111.50537109375,1.9777469154620433
2026-04-21 22:00:00,5494,5405.339,88.6611328125,88.6611328125,1.6137810850473242
2026-04-21 22:30:00,5297,5312.2827,-15.28271484375,15.28271484375,0.2885164214413819
2026-04-21 23:00:00,5156,5140.681,15.31884765625,15.31884765625,0.29710720822827774
2026-04-21 23:30:00,5155,5189.4243,-34.42431640625,34.42431640625,0.6677849933317168
2026-04-22 00:00:00,5043,5048.2817,-5.28173828125,5.28173828125,0.10473405277116796
2026-04-22 00:30:00,4910,4860.0063,49.99365234375,49.99365234375,1.0182006587321792
2026-04-22 01:00:00,4790,4764.86,25.14013671875,25.14013671875,0.5248462780532359
2026-04-22 01:30:00,4672,4684.6494,-12.6494140625,12.6494140625,0.2707494448309075
2026-04-22 02:00:00,4550,4557.851,-7.85107421875,7.85107421875,0.17255108173076922
2026-04-22 02:30:00,4487,4481.845,5.15478515625,5.15478515625,0.1148826645030087
2026-04-22 03:00:00,4418,4430.293,-12.29296875,12.29296875,0.2782473687188773
2026-04-22 03:30:00,4377,4412.228,-35.22802734375,35.22802734375,0.8048441248286498
2026-04-22 04:00:00,4376,4401.335,-25.3349609375,25.3349609375,0.5789524894309872
2026-04-22 04:30:00,4372,4475.262,-103.26220703125,103.26220703125,2.361898605472324
2026-04-22 05:00:00,4432,4482.3228,-50.32275390625,50.32275390625,1.1354411982457129
2026-04-22 05:30:00,4610,4585.4946,24.50537109375,24.50537109375,0.5315698718817787
2026-04-22 06:00:00,4829,4812.8154,16.1845703125,16.1845703125,0.3351536614723545
2026-04-22 06:30:00,5197,5119.111,77.88916015625,77.88916015625,1.4987331182653454
2026-04-22 07:00:00,5475,5484.2334,-9.2333984375,9.2333984375,0.16864654680365299
2026-04-22 07:30:00,5676,5558.567,117.43310546875,117.43310546875,2.0689412520921424
2026-04-22 08:00:00,5582,5653.1543,-71.154296875,71.154296875,1.2747097254568254
2026-04-22 08:30:00,5301,5429.7246,-128.724609375,128.724609375,2.4283080432937183
2026-04-22 09:00:00,4956,5112.484,-156.48388671875,156.48388671875,3.1574634124041565
2026-04-22 09:30:00,4718,4767.6323,-49.63232421875,49.63232421875,1.0519780461795252
2026-04-22 10:00:00,4457,4496.4893,-39.4892578125,39.4892578125,0.8860053357078752
2026-04-22 10:30:00,4264,4323.021,-59.02099609375,59.02099609375,1.3841697020110224
2026-04-22 11:00:00,4111,4122.382,-11.3818359375,11.3818359375,0.27686295153247387
2026-04-22 11:30:00,4059,3982.2234,76.776611328125,76.776611328125,1.8915154306017492
2026-04-22 12:00:00,4036,3956.065,79.93505859375,79.93505859375,1.980551501331764
2026-04-22 12:30:00,4007,4047.863,-40.863037109375,40.863037109375,1.0197912929716746
2026-04-22 13:00:00,4116,3994.7725,121.2275390625,121.2275390625,2.9452754874271134
2026-04-22 13:30:00,4158,4133.463,24.537109375,24.537109375,0.5901180705868205
2026-04-22 14:00:00,4209,4228.0684,-19.068359375,19.068359375,0.4530377613447375
2026-04-22 14:30:00,4357,4301.25,55.75,55.75,1.2795501491852193
2026-04-22 15:00:00,4593,4528.9316,64.068359375,64.068359375,1.3949131150664054
2026-04-22 15:30:00,4905,4855.3774,49.62255859375,49.62255859375,1.0116729580784913
2026-04-22 16:00:00,5257,5275.978,-18.97802734375,18.97802734375,0.36100489525870266
2026-04-22 16:30:00,5487,5562.792,-75.7919921875,75.7919921875,1.3813011151357755
2026-04-22 17:00:00,5719,5703.854,15.14599609375,15.14599609375,0.2648364415763245
2026-04-22 17:30:00,5958,5898.584,59.416015625,59.416015625,0.9972476607082914
2026-04-22 18:00:00,6185,6139.7163,45.28369140625,45.28369140625,0.7321534584680679
2026-04-22 18:30:00,6260,6207.848,52.15185546875,52.15185546875,0.8330967327276358
2026-04-22 19:00:00,6202,6248.8555,-46.85546875,46.85546875,0.755489660593357
2026-04-22 19:30:00,6081,6067.2046,13.79541015625,13.79541015625,0.22686088071452062
2026-04-22 20:00:00,5946,5922.804,23.19580078125,23.19580078125,0.390107648524218
2026-04-22 20:30:00,5836,5767.931,68.06884765625,68.06884765625,1.1663613374957162
2026-04-22 21:00:00,5711,5657.8184,53.181640625,53.181640625,0.9312141590789704
2026-04-22 21:30:00,5593,5517.668,75.33203125,75.33203125,1.346898466833542
2026-04-22 22:00:00,5410,5388.9717,21.0283203125,21.0283203125,0.3886935362754159
2026-04-22 22:30:00,5260,5236.349,23.65087890625,23.65087890625,0.44963648110741444
2026-04-22 23:00:00,5106,5111.1514,-5.1513671875,5.1513671875,0.10088850739326281
2026-04-22 23:30:00,5098,5167.718,-69.7177734375,69.7177734375,1.367551460131424
2026-04-23 00:00:00,5017,5030.951,-13.951171875,13.951171875,0.2780779723938609
2026-04-23 00:30:00,4841,4876.083,-35.0830078125,35.0830078125,0.7247058007126627
2026-04-23 01:00:00,4753,4726.7383,26.26171875,26.26171875,0.5525293235851042
2026-04-23 01:30:00,4649,4631.2217,17.7783203125,17.7783203125,0.3824117081630458
2026-04-23 02:00:00,4529,4558.095,-29.09521484375,29.09521484375,0.6424202880050783
2026-04-23 02:30:00,4447,4466.958,-19.9580078125,19.9580078125,0.44879711743872275
2026-04-23 03:00:00,4356,4389.4077,-33.40771484375,33.40771484375,0.7669356024735997
2026-04-23 03:30:00,4329,4345.1333,-16.13330078125,16.13330078125,0.37267962072649574
2026-04-23 04:00:00,4315,4323.497,-8.4970703125,8.4970703125,0.19691935834298957
2026-04-23 04:30:00,4364,4409.7783,-45.7783203125,45.7783203125,1.0489990905705773
2026-04-23 05:00:00,4428,4487.89,-59.89013671875,59.89013671875,1.3525324462228996
2026-04-23 05:30:00,4580,4605.0366,-25.03662109375,25.03662109375,0.5466511155840612
2026-04-23 06:00:00,4796,4818.3105,-22.310546875,22.310546875,0.4651907188281902
2026-04-23 06:30:00,5134,5101.212,32.7880859375,32.7880859375,0.638646005794702
2026-04-23 07:00:00,5485,5405.0063,79.99365234375,79.99365234375,1.4584075176618048
2026-04-23 07:30:00,5754,5520.995,233.0048828125,233.0048828125,4.049441828510601
2026-04-23 08:00:00,5678,5600.392,77.60791015625,77.60791015625,1.3668177202580134
2026-04-23 08:30:00,5410,5422.342,-12.341796875,12.341796875,0.22812933225508317
2026-04-23 09:00:00,5028,5122.482,-94.48193359375,94.48193359375,1.8791156243784806
2026-04-23 09:30:00,4712,4737.7183,-25.71826171875,25.71826171875,0.5458035169514007
2026-04-23 10:00:00,4336,4436.9556,-100.95556640625,100.95556640625,2.328311033354474
2026-04-23 10:30:00,4062,4067.349,-5.34912109375,5.34912109375,0.13168688069300835
2026-04-23 11:00:00,3892,3857.3196,34.680419921875,34.680419921875,0.8910693710656475
2026-04-23 11:30:00,3764,3755.9316,8.068359375,8.068359375,0.21435598764612115
2026-04-23 12:00:00,3622,3676.151,-54.15087890625,54.15087890625,1.4950546357330203
2026-04-23 12:30:00,3540,3622.83,-82.830078125,82.830078125,2.3398327153954805
2026-04-23 13:00:00,3519,3526.1555,-7.155517578125,7.155517578125,0.20333951628658709
2026-04-23 13:30:00,3599,3494.0637,104.936279296875,104.936279296875,2.915706565625868
2026-04-23 14:00:00,3699,3676.543,22.45703125,22.45703125,0.607110874560692
2026-04-23 14:30:00,3891,3795.226,95.77392578125,95.77392578125,2.4614218910627086
2026-04-23 15:00:00,4173,4113.7793,59.220703125,59.220703125,1.4191397825305536
2026-04-23 15:30:00,4492,4510.095,-18.09521484375,18.09521484375,0.40283203125
2026-04-23 16:00:00,4874,4841.0293,32.970703125,32.970703125,0.6764608765900698
2026-04-23 16:30:00,5298,5232.292,65.7080078125,65.7080078125,1.2402417480653076
2026-04-23 17:00:00,5702,5713.9526,-11.95263671875,11.95263671875,0.2096218295115749
2026-04-23 17:30:00,5998,6012.481,-14.48095703125,14.48095703125,0.24142976044098033
2026-04-23 18:00:00,6214,6261.914,-47.9140625,47.9140625,0.7710663421306727
2026-04-23 18:30:00,6275,6283.6963,-8.6962890625,8.6962890625,0.13858627988047809
2026-04-23 19:00:00,6235,6253.798,-18.7978515625,18.7978515625,0.3014891990777867
2026-04-23 19:30:00,6050,6114.518,-64.51806640625,64.51806640625,1.0664143207644627
2026-04-23 20:00:00,5938,5971.0376,-33.03759765625,33.03759765625,0.5563758446657124
2026-04-23 20:30:00,5815,5764.516,50.48388671875,50.48388671875,0.868166581577816
2026-04-23 21:00:00,5680,5634.8257,45.17431640625,45.17431640625,0.7953224719410212
2026-04-23 21:30:00,5553,5494.9785,58.021484375,58.021484375,1.044867357734558
2026-04-23 22:00:00,5407,5360.7773,46.22265625,46.22265625,0.8548669548733123
2026-04-23 22:30:00,5250,5218.076,31.923828125,31.923828125,0.6080729166666666
2026-04-23 23:00:00,5129,5089.967,39.033203125,39.033203125,0.7610295013647884
2026-04-23 23:30:00,5160,5188.436,-28.43603515625,28.43603515625,0.5510859526405039
2026-04-24 00:00:00,5068,5050.9575,17.04248046875,17.04248046875,0.3362762523431334
2026-04-24 00:30:00,4941,4867.9883,73.01171875,73.01171875,1.4776708915199352
2026-04-24 01:00:00,4789,4790.566,-1.56591796875,1.56591796875,0.03269822444664857
2026-04-24 01:30:00,4680,4668.655,11.34521484375,11.34521484375,0.2424191205929487
2026-04-24 02:00:00,4546,4541.2354,4.7646484375,4.7646484375,0.10480968846238452
2026-04-24 02:30:00,4435,4460.481,-25.48095703125,25.48095703125,0.5745424358793686
2026-04-24 03:00:00,4381,4359.6714,21.32861328125,21.32861328125,0.48684348964277563
2026-04-24 03:30:00,4334,4362.901,-28.90087890625,28.90087890625,0.6668407684875404
2026-04-24 04:00:00,4350,4314.2075,35.79248046875,35.79248046875,0.8228156429597702
2026-04-24 04:30:00,4381,4452.883,-71.8828125,71.8828125,1.640785494179411
2026-04-24 05:00:00,4416,4471.552,-55.5517578125,55.5517578125,1.257965530174366
2026-04-24 05:30:00,4570,4571.9355,-1.935546875,1.935546875,0.04235332330415755
2026-04-24 06:00:00,4776,4761.7515,14.24853515625,14.24853515625,0.29833616323806533
2026-04-24 06:30:00,5106,5051.028,54.97216796875,54.97216796875,1.076619035815707
2026-04-24 07:00:00,5446,5361.442,84.55810546875,84.55810546875,1.5526644412183255
2026-04-24 07:30:00,5703,5485.5674,217.4326171875,217.4326171875,3.812600687138348
2026-04-24 08:00:00,5666,5580.658,85.341796875,85.341796875,1.5062089106071301
2026-04-24 08:30:00,5441,5411.0327,29.96728515625,29.96728515625,0.5507679683192428
2026-04-24 09:00:00,5028,5128.2466,-100.24658203125,100.24658203125,1.9937665479564441
2026-04-24 09:30:00,4645,4733.3384,-88.33837890625,88.33837890625,1.9017950248923574
2026-04-24 10:00:00,4282,4351.4385,-69.4384765625,69.4384765625,1.6216365381247082
2026-04-24 10:30:00,4057,4075.2634,-18.263427734375,18.263427734375,0.4501707600289622
2026-04-24 11:00:00,3800,3826.86,-26.860107421875,26.860107421875,0.7068449321546053
2026-04-24 11:30:00,3689,3611.324,77.676025390625,77.676025390625,2.105611965048116
2026-04-24 12:00:00,3545,3562.726,-17.72607421875,17.72607421875,0.5000303023624824
2026-04-24 12:30:00,3464,3482.3562,-18.356201171875,18.356201171875,0.5299134287492783
2026-04-24 13:00:00,3462,3384.3708,77.629150390625,77.629150390625,2.2423209240504045
2026-04-24 13:30:00,3507,3416.7136,90.286376953125,90.286376953125,2.574461846396493
2026-04-24 14:00:00,3654,3527.9355,126.064453125,126.064453125,3.4500397680623975
2026-04-24 14:30:00,3850,3720.2234,129.776611328125,129.776611328125,3.370821073457792
2026-04-24 15:00:00,4210,4022.206,187.7939453125,187.7939453125,4.460663784144893
2026-04-24 15:30:00,4545,4504.437,40.56298828125,40.56298828125,0.8924749896864685
2026-04-24 16:00:00,4838,4830.8896,7.1103515625,7.1103515625,0.14696882105208764
2026-04-24 16:30:00,5245,5174.9233,70.07666015625,70.07666015625,1.3360659705672069
2026-04-24 17:00:00,5623,5588.066,34.93408203125,34.93408203125,0.6212712436644141
2026-04-24 17:30:00,5796,5860.7656,-64.765625,64.765625,1.1174193409247757
2026-04-24 18:00:00,6000,5982.144,17.85595703125,17.85595703125,0.2975992838541667
2026-04-24 18:30:00,6032,6017.3467,14.6533203125,14.6533203125,0.2429263977536472
2026-04-24 19:00:00,5998,5982.412,15.587890625,15.587890625,0.25988480535178393
2026-04-24 19:30:00,5822,5902.7065,-80.70654296875,80.70654296875,1.3862339912186534
2026-04-24 20:00:00,5762,5684.5415,77.45849609375,77.45849609375,1.3442987867710865
2026-04-24 20:30:00,5648,5593.171,54.8291015625,54.8291015625,0.9707702118006374
2026-04-24 21:00:00,5556,5430.7593,125.24072265625,125.24072265625,2.2541526755984522
2026-04-24 21:30:00,5445,5368.649,76.35107421875,76.35107421875,1.402223585284665
2026-04-24 22:00:00,5304,5237.307,66.69287109375,66.69287109375,1.2574070719032806
2026-04-24 22:30:00,5202,5128.547,73.453125,73.453125,1.412017012687428
2026-04-24 23:00:00,5077,5048.4785,28.521484375,28.521484375,0.5617783016545204
2026-04-24 23:30:00,5150,5116.109,33.89111328125,33.89111328125,0.658079869538835
2026-04-25 00:00:00,5075,5048.4185,26.58154296875,26.58154296875,0.5237742456896552
2026-04-25 00:30:00,4904,4876.807,27.19287109375,27.19287109375,0.5545038966914763
2026-04-25 01:00:00,4745,4733.681,11.31884765625,11.31884765625,0.2385426271074816
2026-04-25 01:30:00,4639,4590.372,48.6279296875,48.6279296875,1.0482416401702954
2026-04-25 02:00:00,4474,4500.9404,-26.9404296875,26.9404296875,0.6021553349910594
2026-04-25 02:30:00,4242,4386.3677,-144.36767578125,144.36767578125,3.4032926869695896
2026-04-25 03:00:00,4036,4172.875,-136.875,136.875,3.391352824578791
2026-04-25 03:30:00,4205,3993.0537,211.9462890625,211.9462890625,5.040339811236623
2026-04-25 04:00:00,4258,4179.563,78.43701171875,78.43701171875,1.8421092465652888
2026-04-25 04:30:00,4229,4329.4287,-100.4287109375,100.4287109375,2.3747626137975884
2026-04-25 05:00:00,4280,4272.5303,7.4697265625,7.4697265625,0.17452632155373832
2026-04-25 05:30:00,4343,4356.9385,-13.9384765625,13.9384765625,0.32094120567580015
2026-04-25 06:00:00,4349,4405.146,-56.14599609375,56.14599609375,1.2910093376350886
2026-04-25 06:30:00,4505,4427.1255,77.87451171875,77.87451171875,1.7286240115149831
2026-04-25 07:00:00,4600,4596.1265,3.87353515625,3.87353515625,0.08420728600543478
2026-04-25 07:30:00,4692,4613.4805,78.51953125,78.51953125,1.6734767956095482
2026-04-25 08:00:00,4611,4673.575,-62.5751953125,62.5751953125,1.3570851293103448
2026-04-25 08:30:00,4332,4439.8364,-107.83642578125,107.83642578125,2.4892988407490764
2026-04-25 09:00:00,4063,4058.1604,4.839599609375,4.839599609375,0.11911394559131183
2026-04-25 09:30:00,3769,3798.2578,-29.2578125,29.2578125,0.7762752056248341
2026-04-25 10:00:00,3452,3472.7273,-20.727294921875,20.727294921875,0.6004430742142236
2026-04-25 10:30:00,3231,3208.9097,22.09033203125,22.09033203125,0.6836995367146395
2026-04-25 11:00:00,2970,3040.7815,-70.781494140625,70.781494140625,2.383215290930135
2026-04-25 11:30:00,2832,2868.1248,-36.124755859375,36.124755859375,1.2755916617010947
2026-04-25 12:00:00,2760,2738.5925,21.407470703125,21.407470703125,0.7756329964900363
2026-04-25 12:30:00,2649,2699.8118,-50.811767578125,50.811767578125,1.9181490214467725
2026-04-25 13:00:00,2667,2695.1362,-28.13623046875,28.13623046875,1.0549767704818147
2026-04-25 13:30:00,2697,2769.393,-72.39306640625,72.39306640625,2.6842071340841676
2026-04-25 14:00:00,2812,2773.057,38.943115234375,38.943115234375,1.384890299942212
2026-04-25 14:30:00,2962,2960.5918,1.408203125,1.408203125,0.04754230671843349
2026-04-25 15:00:00,3256,3138.9905,117.009521484375,117.009521484375,3.5936585222473894
2026-04-25 15:30:00,3607,3520.9998,86.000244140625,86.000244140625,2.384259610219712
2026-04-25 16:00:00,4034,4033.1594,0.840576171875,0.840576171875,0.020837287354362917
2026-04-25 16:30:00,4458,4475.5195,-17.51953125,17.51953125,0.39299083109017496
2026-04-25 17:00:00,4906,4846.5103,59.48974609375,59.48974609375,1.2125916447971872
2026-04-25 17:30:00,5195,5214.112,-19.11181640625,19.11181640625,0.3678886699951877
2026-04-25 18:00:00,5425,5448.2563,-23.25634765625,23.25634765625,0.42868843605990786
2026-04-25 18:30:00,5519,5516.074,2.92578125,2.92578125,0.05301288729842363
2026-04-25 19:00:00,5519,5595.3765,-76.37646484375,76.37646484375,1.3838823128057618
2026-04-25 19:30:00,5440,5525.0703,-85.0703125,85.0703125,1.5637925091911764
2026-04-25 20:00:00,5320,5316.2827,3.71728515625,3.71728515625,0.0698737811325188
2026-04-25 20:30:00,5264,5208.171,55.8291015625,55.8291015625,1.0605832363696808
2026-04-25 21:00:00,5150,5137.453,12.546875,12.546875,0.24362864077669905
2026-04-25 21:30:00,5085,4967.1577,117.84228515625,117.84228515625,2.3174490689528024
2026-04-25 22:00:00,5004,4925.81,78.18994140625,78.18994140625,1.562548789093725
2026-04-25 22:30:00,4905,4892.339,12.6611328125,12.6611328125,0.2581270705912334
2026-04-25 23:00:00,4867,4787.219,79.78076171875,79.78076171875,1.639218445012328
2026-04-25 23:30:00,4956,4910.1807,45.8193359375,45.8193359375,0.9245225168987086
2026-04-26 00:00:00,4901,4884.2075,16.79248046875,16.79248046875,0.34263375777902466
2026-04-26 00:30:00,4764,4749.593,14.4072265625,14.4072265625,0.30241869358732154
2026-04-26 01:00:00,4643,4610.6304,32.36962890625,32.36962890625,0.6971705558098212
2026-04-26 01:30:00,4502,4511.3125,-9.3125,9.3125,0.20685250999555754
2026-04-26 02:00:00,4351,4385.316,-34.31591796875,34.31591796875,0.7886903693116525
2026-04-26 02:30:00,4252,4264.747,-12.7470703125,12.7470703125,0.29978998853480715
2026-04-26 03:00:00,4174,4164.892,9.10791015625,9.10791015625,0.21820580153929084
2026-04-26 03:30:00,4109,4122.7124,-13.71240234375,13.71240234375,0.3337162896994403
2026-04-26 04:00:00,4089,4061.3276,27.67236328125,27.67236328125,0.6767513641782832
2026-04-26 04:30:00,4079,4082.1433,-3.143310546875,3.143310546875,0.07706081262257906
2026-04-26 05:00:00,4095,4064.1597,30.84033203125,30.84033203125,0.7531216613247863
2026-04-26 05:30:00,4171,4116.148,54.85205078125,54.85205078125,1.315081533954687
2026-04-26 06:00:00,4219,4201.771,17.22900390625,17.22900390625,0.4083670041775302
2026-04-26 06:30:00,4346,4304.9287,41.0712890625,41.0712890625,0.9450365637942937
2026-04-26 07:00:00,4435,4365.1157,69.88427734375,69.88427734375,1.5757446977170237
2026-04-26 07:30:00,4453,4430.743,22.2568359375,22.2568359375,0.4998166615203234
2026-04-26 08:00:00,4434,4453.4346,-19.4345703125,19.4345703125,0.4383078554916554
2026-04-26 08:30:00,4386,4316.659,69.3408203125,69.3408203125,1.5809580554605562
2026-04-26 09:00:00,4159,4202.376,-43.3759765625,43.3759765625,1.0429424516109642
2026-04-26 09:30:00,3963,3969.7847,-6.78466796875,6.78466796875,0.17120030201236439
2026-04-26 10:00:00,3753,3753.6035,-0.603515625,0.603515625,0.016080885291766586
2026-04-26 10:30:00,3752,3573.6555,178.344482421875,178.344482421875,4.753317761777052
2026-04-26 11:00:00,3522,3626.823,-104.822998046875,104.822998046875,2.976235038241766
2026-04-26 11:30:00,3221,3352.3684,-131.368408203125,131.368408203125,4.078497615744334
2026-04-26 12:00:00,2986,3121.1218,-135.121826171875,135.121826171875,4.525178371462659
2026-04-26 12:30:00,2978,2965.5925,12.407470703125,12.407470703125,0.4166376999034587
2026-04-26 13:00:00,3012,2999.7466,12.25341796875,12.25341796875,0.4068199856822709
2026-04-26 13:30:00,3120,3074.1672,45.832763671875,45.832763671875,1.4689988356370194
2026-04-26 14:00:00,3291,3228.1218,62.878173828125,62.878173828125,1.9106099613529322
2026-04-26 14:30:00,3499,3364.8857,134.1142578125,134.1142578125,3.8329310606601883
2026-04-26 15:00:00,3692,3611.2507,80.749267578125,80.749267578125,2.187141592040222
2026-04-26 15:30:00,3971,3939.8088,31.191162109375,31.191162109375,0.7854737373300176
2026-04-26 16:00:00,4296,4317.694,-21.69384765625,21.69384765625,0.5049778318493948
2026-04-26 16:30:00,4772,4634.9165,137.08349609375,137.08349609375,2.8726633716209133
2026-04-26 17:00:00,5147,5100.559,46.44091796875,46.44091796875,0.9022910038614727
2026-04-26 17:30:00,5485,5403.8477,81.15234375,81.15234375,1.4795322470373746
2026-04-26 18:00:00,5690,5665.971,24.02880859375,24.02880859375,0.4222989208040422
2026-04-26 18:30:00,5767,5723.9175,43.08251953125,43.08251953125,0.7470525321874458
2026-04-26 19:00:00,5716,5683.06,32.93994140625,32.93994140625,0.5762760917818405
2026-04-26 19:30:00,5512,5602.0225,-90.0224609375,90.0224609375,1.633208652712264
2026-04-26 20:00:00,5458,5420.2017,37.79833984375,37.79833984375,0.6925309608602052
2026-04-26 20:30:00,5335,5314.022,20.97802734375,20.97802734375,0.39321513296626054
2026-04-26 21:00:00,5201,5180.5317,20.46826171875,20.46826171875,0.39354473598827144
2026-04-26 21:30:00,5152,5039.495,112.5048828125,112.5048828125,2.183712787509705
2026-04-26 22:00:00,5049,4992.429,56.57080078125,56.57080078125,1.1204357453208555
2026-04-26 22:30:00,4937,4900.379,36.62109375,36.62109375,0.7417681537370874
2026-04-26 23:00:00,4852,4848.2886,3.71142578125,3.71142578125,0.07649269953112119
2026-04-26 23:30:00,4912,4945.9883,-33.98828125,33.98828125,0.6919438365228012
2026-04-27 00:00:00,4853,4852.8213,0.1787109375,0.1787109375,0.0036824837729239647
2026-04-27 00:30:00,4712,4722.3467,-10.3466796875,10.3466796875,0.21958148742572156
2026-04-27 01:00:00,4581,4581.4653,-0.46533203125,0.46533203125,0.010157870142981883
2026-04-27 01:30:00,4498,4493.9175,4.08251953125,4.08251953125,0.09076299535904847
2026-04-27 02:00:00,4403,4410.805,-7.80517578125,7.80517578125,0.17726949310129458
2026-04-27 02:30:00,4269,4350.8027,-81.802734375,81.802734375,1.9162036630358399
2026-04-27 03:00:00,4232,4240.244,-8.244140625,8.244140625,0.19480483518431002
2026-04-27 03:30:00,4206,4231.7476,-25.74755859375,25.74755859375,0.6121625913873039
2026-04-27 04:00:00,4176,4231.9717,-55.9716796875,55.9716796875,1.3403180001795978
2026-04-27 04:30:00,4218,4296.772,-78.77197265625,78.77197265625,1.867519503467283
2026-04-27 05:00:00,4267,4338.3823,-71.38232421875,71.38232421875,1.6728925291481134
2026-04-27 05:30:00,4425,4442.5586,-17.55859375,17.55859375,0.3968043785310734
2026-04-27 06:00:00,4643,4616.3667,26.63330078125,26.63330078125,0.5736226745907818
2026-04-27 06:30:00,4931,4926.269,4.73095703125,4.73095703125,0.09594315618028798
2026-04-27 07:00:00,5336,5146.5527,189.447265625,189.447265625,3.550361049943778
2026-04-27 07:30:00,5633,5464.8716,168.12841796875,168.12841796875,2.984704739370673
2026-04-27 08:00:00,5742,5681.4204,60.57958984375,60.57958984375,1.0550259464254614
2026-04-27 08:30:00,5716,5664.833,51.1669921875,51.1669921875,0.8951538171361092
2026-04-27 09:00:00,5484,5548.9365,-64.9365234375,64.9365234375,1.184108742478118
2026-04-27 09:30:00,5359,5386.1978,-27.19775390625,27.19775390625,0.507515467554581
2026-04-27 10:00:00,5133,5207.2134,-74.21337890625,74.21337890625,1.4458090572033897
2026-04-27 10:30:00,5039,4952.817,86.18310546875,86.18310546875,1.710321600888073
2026-04-27 11:00:00,4901,4823.779,77.22119140625,77.22119140625,1.57562112642828
2026-04-27 11:30:00,4760,4727.663,32.3369140625,32.3369140625,0.6793469340861344
2026-04-27 12:00:00,4527,4634.6465,-107.646484375,107.646484375,2.3778768362049925
2026-04-27 12:30:00,4298,4394.8853,-96.88525390625,96.88525390625,2.254193901960214
2026-04-27 13:00:00,4166,4122.1455,43.8544921875,43.8544921875,1.0526762406985117
2026-04-27 13:30:00,4158,4073.6868,84.313232421875,84.313232421875,2.0277352674813613
2026-04-27 14:00:00,4159,4090.0327,68.96728515625,68.96728515625,1.65826605328805
2026-04-27 14:30:00,4168,4156.0757,11.92431640625,11.92431640625,0.28609204429582535
2026-04-27 15:00:00,4261,4238.3726,22.62744140625,22.62744140625,0.5310359400668857
2026-04-27 15:30:00,4515,4403.4365,111.5634765625,111.5634765625,2.470951861849391
2026-04-27 16:00:00,4850,4806.353,43.64697265625,43.64697265625,0.8999375805412371
2026-04-27 16:30:00,5280,5153.0513,126.94873046875,126.94873046875,2.4043320164535986
2026-04-27 17:00:00,5720,5633.0483,86.95166015625,86.95166015625,1.5201339188155594
2026-04-27 17:30:00,6052,5970.694,81.30615234375,81.30615234375,1.3434592257724718
2026-04-27 18:00:00,6321,6268.8945,52.10546875,52.10546875,0.8243231885777567
2026-04-27 18:30:00,6378,6389.289,-11.2890625,11.2890625,0.17700003919724053
2026-04-27 19:00:00,6315,6343.9985,-28.99853515625,28.99853515625,0.4592008734164687
2026-04-27 19:30:00,6154,6183.303,-29.30322265625,29.30322265625,0.4761654640274618
2026-04-27 20:00:00,6033,6028.2803,4.7197265625,4.7197265625,0.07823183428642466
2026-04-27 20:30:00,5928,5859.095,68.90478515625,68.90478515625,1.162361423013664
2026-04-27 21:00:00,5761,5719.907,41.0927734375,41.0927734375,0.7132923700312446
2026-04-27 21:30:00,5649,5546.606,102.39404296875,102.39404296875,1.8126047613515668
2026-04-27 22:00:00,5469,5411.14,57.85986328125,57.85986328125,1.0579605646599013
2026-04-27 22:30:00,5297,5263.2935,33.70654296875,33.70654296875,0.6363326971634888
2026-04-27 23:00:00,5162,5147.217,14.783203125,14.783203125,0.28638518258426965
2026-04-27 23:30:00,5220,5225.609,-5.60888671875,5.60888671875,0.1074499371408046
2026-04-28 00:00:00,5127,5125.1133,1.88671875,1.88671875,0.036799663545933295
2026-04-28 00:30:00,5008,4956.652,51.34814453125,51.34814453125,1.0253223748252795
2026-04-28 01:00:00,4836,4839.1084,-3.1083984375,3.1083984375,0.06427622906327543
2026-04-28 01:30:00,4697,4725.378,-28.3779296875,28.3779296875,0.6041713793378752
2026-04-28 02:00:00,4562,4569.5557,-7.5556640625,7.5556640625,0.16562174621876372
2026-04-28 02:30:00,4467,4460.517,6.48291015625,6.48291015625,0.14512894909894783
2026-04-28 03:00:00,4406,4415.818,-9.81787109375,9.81787109375,0.22282957543690424
2026-04-28 03:30:00,4377,4398.149,-21.14892578125,21.14892578125,0.48318313413867947
2026-04-28 04:00:00,4355,4401.999,-46.9990234375,46.9990234375,1.0791968642365097
2026-04-28 04:30:00,4376,4446.7065,-70.70654296875,70.70654296875,1.615780232375457
2026-04-28 05:00:00,4421,4491.606,-70.60595703125,70.60595703125,1.5970585168796654
2026-04-28 05:30:00,4582,4594.5493,-12.54931640625,12.54931640625,0.27388294208315145
2026-04-28 06:00:00,4783,4799.9375,-16.9375,16.9375,0.3541187539201338
2026-04-28 06:30:00,5153,5097.104,55.89599609375,55.89599609375,1.0847272674898119
2026-04-28 07:00:00,5546,5442.5645,103.435546875,103.435546875,1.865047725838442
2026-04-28 07:30:00,5844,5642.2715,201.728515625,201.728515625,3.451891095568104
2026-04-28 08:00:00,5887,5788.282,98.7177734375,98.7177734375,1.6768774152794292
2026-04-28 08:30:00,5655,5694.847,-39.84716796875,39.84716796875,0.7046360383510167
2026-04-28 09:00:00,5262,5356.911,-94.9111328125,94.9111328125,1.80370833927214
2026-04-28 09:30:00,4911,4980.0513,-69.05126953125,69.05126953125,1.406053136453879
2026-04-28 10:00:00,4490,4406.527,83.47314453125,83.47314453125,1.8590900786469935
2026-04-28 10:30:00,4159,4289.8394,-130.83935546875,130.83935546875,3.1459330480584273
2026-04-28 11:00:00,3887,3979.3853,-92.38525390625,92.38525390625,2.376775248424235
2026-04-28 11:30:00,3833,3804.9893,28.0107421875,28.0107421875,0.7307785595486564
2026-04-28 12:00:00,3814,3734.7966,79.203369140625,79.203369140625,2.076648378097142
2026-04-28 12:30:00,3795,3793.7747,1.225341796875,1.225341796875,0.03228832139328063
2026-04-28 13:00:00,4021,3789.513,231.487060546875,231.487060546875,5.756952512978737
2026-04-28 13:30:00,4271,4141.6143,129.3857421875,129.3857421875,3.0294015965230625
2026-04-28 14:00:00,4427,4422.4087,4.59130859375,4.59130859375,0.10371151104020783
2026-04-28 14:30:00,4576,4559.224,16.77587890625,16.77587890625,0.36660574532888984
2026-04-28 15:00:00,4731,4756.6704,-25.67041015625,25.67041015625,0.5426000878514056
2026-04-28 15:30:00,4862,4968.8867,-106.88671875,106.88671875,2.1984105049362404
2026-04-28 16:00:00,5145,5091.582,53.41796875,53.41796875,1.0382501214771622
2026-04-28 16:30:00,5594,5411.7075,182.29248046875,182.29248046875,3.258714345168931
2026-04-28 17:00:00,5903,5869.766,33.23388671875,33.23388671875,0.5629999444138574
2026-04-28 17:30:00,6126,6132.555,-6.55517578125,6.55517578125,0.10700580772526934
2026-04-28 18:00:00,6349,6351.282,-2.2822265625,2.2822265625,0.03594623661206489
2026-04-28 18:30:00,6365,6351.966,13.0341796875,13.0341796875,0.20477894245875886
2026-04-28 19:00:00,6273,6266.2124,6.78759765625,6.78759765625,0.10820337408337319
2026-04-28 19:30:00,6147,6176.1514,-29.1513671875,29.1513671875,0.474237305799577
2026-04-28 20:00:00,6023,6029.1733,-6.17333984375,6.17333984375,0.10249609569566662
2026-04-28 20:30:00,5902,5873.3535,28.646484375,28.646484375,0.48536910157573704
2026-04-28 21:00:00,5701,5692.8125,8.1875,8.1875,0.14361515523592353
2026-04-28 21:30:00,5556,5503.7725,52.2275390625,52.2275390625,0.9400205014848811
2026-04-28 22:00:00,5407,5359.977,47.02294921875,47.02294921875,0.8696680084843721
2026-04-28 22:30:00,5199,5221.209,-22.208984375,22.208984375,0.42717800298134256
2026-04-28 23:00:00,5075,5057.711,17.2890625,17.2890625,0.34067118226600984
2026-04-28 23:30:00,5126,5169.7354,-43.7353515625,43.7353515625,0.8532062341494343
2026-04-29 00:00:00,5030,5058.895,-28.89501953125,28.89501953125,0.5744536686133201
2026-04-29 00:30:00,4909,4855.655,53.34521484375,53.34521484375,1.0866819075931962
2026-04-29 01:00:00,4777,4772.3257,4.67431640625,4.67431640625,0.09785045857755913
2026-04-29 01:30:00,4652,4675.506,-23.505859375,23.505859375,0.5052850252579536
2026-04-29 02:00:00,4504,4561.639,-57.63916015625,57.63916015625,1.2797326855295292
2026-04-29 02:30:00,4421,4454.912,-33.912109375,33.912109375,0.7670687485862927
2026-04-29 03:00:00,4361,4369.273,-8.27294921875,8.27294921875,0.1897030318447604
2026-04-29 03:30:00,4324,4357.605,-33.60498046875,33.60498046875,0.777173461349445
2026-04-29 04:00:00,4308,4334.7637,-26.763671875,26.763671875,0.6212551503017641
2026-04-29 04:30:00,4334,4412.2607,-78.2607421875,78.2607421875,1.8057393213544068
2026-04-29 05:00:00,4388,4411.4985,-23.49853515625,23.49853515625,0.5355181211542844
2026-04-29 05:30:00,4535,4573.996,-38.99609375,38.99609375,0.8598918136714442
2026-04-29 06:00:00,4720,4750.3306,-30.33056640625,30.33056640625,0.6425967458951272
2026-04-29 06:30:00,5097,5022.545,74.455078125,74.455078125,1.4607627648616834
2026-04-29 07:00:00,5453,5398.644,54.35595703125,54.35595703125,0.9968083079268293
2026-04-29 07:30:00,5725,5541.8867,183.11328125,183.11328125,3.1984852620087336
2026-04-29 08:00:00,5748,5675.8535,72.146484375,72.146484375,1.2551580441022965
2026-04-29 08:30:00,5629,5521.8657,107.13427734375,107.13427734375,1.9032559485476992
2026-04-29 09:00:00,5232,5350.096,-118.09619140625,118.09619140625,2.2571902027188453
2026-04-29 09:30:00,4902,4952.1577,-50.15771484375,50.15771484375,1.0232091971389228
2026-04-29 10:00:00,4544,4648.2515,-104.25146484375,104.25146484375,2.2942663918078785
2026-04-29 10:30:00,4266,4323.7593,-57.75927734375,57.75927734375,1.353944616590483
2026-04-29 11:00:00,4027,4072.5205,-45.5205078125,45.5205078125,1.1303826126769305
2026-04-29 11:30:00,3969,3915.2341,53.765869140625,53.765869140625,1.3546452290406903
2026-04-29 12:00:00,3929,3828.7957,100.204345703125,100.204345703125,2.550377849405065
2026-04-29 12:30:00,3909,3872.6702,36.329833984375,36.329833984375,0.9293894598202864
2026-04-29 13:00:00,3967,3857.4531,109.546875,109.546875,2.7614538694227373
2026-04-29 13:30:00,4092,3954.6587,137.34130859375,137.34130859375,3.3563369646566468
2026-04-29 14:00:00,4245,4120.436,124.56396484375,124.56396484375,2.934369018698469
2026-04-29 14:30:00,4224,4343.1475,-119.1474609375,119.1474609375,2.8207258744673296
2026-04-29 15:00:00,4427,4332.0176,94.982421875,94.982421875,2.1455256804833973
2026-04-29 15:30:00,4687,4621.0977,65.90234375,65.90234375,1.406066647109025
2026-04-29 16:00:00,4952,5012.263,-60.26318359375,60.26318359375,1.216946356901252
2026-04-29 16:30:00,5419,5266.8345,152.16552734375,152.16552734375,2.8080001355185455
2026-04-29 17:00:00,5842,5721.027,120.97314453125,120.97314453125,2.070748793756419
2026-04-29 17:30:00,6134,6060.5244,73.4755859375,73.4755859375,1.197841309708184
2026-04-29 18:00:00,6359,6343.8115,15.1884765625,15.1884765625,0.23885007961157415
2026-04-29 18:30:00,6380,6411.0205,-31.0205078125,31.0205078125,0.48621485599529785
2026-04-29 19:00:00,6271,6251.4116,19.58837890625,19.58837890625,0.31236451772045926
2026-04-29 19:30:00,6105,6184.484,-79.48388671875,79.48388671875,1.3019473664004915
2026-04-29 20:00:00,5983,6028.2954,-45.29541015625,45.29541015625,0.7570685301061341
2026-04-29 20:30:00,5835,5813.54,21.4599609375,21.4599609375,0.36777996465295626
2026-04-29 21:00:00,5704,5664.8203,39.1796875,39.1796875,0.6868809169004207
2026-04-29 21:30:00,5586,5521.141,64.85888671875,64.85888671875,1.1610971485633728
2026-04-29 22:00:00,5431,5395.1274,35.87255859375,35.87255859375,0.6605147964233106
2026-04-29 22:30:00,5290,5275.658,14.341796875,14.341796875,0.27111147211720227
2026-04-29 23:00:00,5159,5147.296,11.7041015625,11.7041015625,0.22686764028881568
2026-04-29 23:30:00,5215,5246.512,-31.51220703125,31.51220703125,0.6042609210210931
2026-04-30 00:00:00,5105,5107.7583,-2.75830078125,2.75830078125,0.05403135712536729
2026-04-30 00:30:00,4997,4929.19,67.81005859375,67.81005859375,1.357015381103662
2026-04-30 01:00:00,4832,4863.571,-31.57080078125,31.57080078125,0.6533692214662666
2026-04-30 01:30:00,4721,4722.3564,-1.3564453125,1.3564453125,0.028732160823977972
2026-04-30 02:00:00,4577,4593.8687,-16.86865234375,16.86865234375,0.36855259654249506
2026-04-30 02:30:00,4446,4515.6816,-69.681640625,69.681640625,1.5672883631354027
2026-04-30 03:00:00,4388,4399.7393,-11.7392578125,11.7392578125,0.2675309437670921
2026-04-30 03:30:00,4316,4380.001,-64.0009765625,64.0009765625,1.4828771214666356
2026-04-30 04:00:00,4314,4321.9653,-7.96533203125,7.96533203125,0.18463912914348632
2026-04-30 04:30:00,4359,4423.759,-64.7587890625,64.7587890625,1.485634068880477
2026-04-30 05:00:00,4401,4499.538,-98.5380859375,98.5380859375,2.2389930910588505
2026-04-30 05:30:00,4584,4590.7974,-6.79736328125,6.79736328125,0.14828453929428448
2026-04-30 06:00:00,4804,4813.3066,-9.306640625,9.306640625,0.19372690726477934
2026-04-30 06:30:00,5150,5094.668,55.33203125,55.33203125,1.0744083737864076
2026-04-30 07:00:00,5526,5405.006,120.994140625,120.994140625,2.189542899475208
2026-04-30 07:30:00,5821,5600.967,220.033203125,220.033203125,3.7799897461776326
2026-04-30 08:00:00,5813,5713.8867,99.11328125,99.11328125,1.7050280621021847
2026-04-30 08:30:00,5496,5640.277,-144.27685546875,144.27685546875,2.625124735603166
2026-04-30 09:00:00,5146,5220.8076,-74.8076171875,74.8076171875,1.4537041816459386
2026-04-30 09:30:00,4856,4895.811,-39.81103515625,39.81103515625,0.8198318607135503
2026-04-30 10:00:00,4685,4582.12,102.8798828125,102.8798828125,2.1959420024012806
2026-04-30 10:30:00,4541,4531.8047,9.1953125,9.1953125,0.20249532041400573
2026-04-30 11:00:00,4449,4429.2725,19.7275390625,19.7275390625,0.44341512839964037
2026-04-30 11:30:00,4460,4407.206,52.7939453125,52.7939453125,1.1837207469170403
2026-04-30 12:00:00,4412,4434.0327,-22.03271484375,22.03271484375,0.4993815694412965
2026-04-30 12:30:00,4308,4452.5913,-144.59130859375,144.59130859375,3.35634421062558
2026-04-30 13:00:00,4216,4307.568,-91.56787109375,91.56787109375,2.1719134509902753
2026-04-30 13:30:00,4128,4265.6543,-137.654296875,137.654296875,3.3346486646075584
2026-04-30 14:00:00,4111,4157.366,-46.3662109375,46.3662109375,1.127857235161761
2026-04-30 14:30:00,4220,4157.0303,62.9697265625,62.9697265625,1.4921736152251186
2026-04-30 15:00:00,4484,4319.646,164.35400390625,164.35400390625,3.665343530469447
2026-04-30 15:30:00,4868,4733.418,134.58203125,134.58203125,2.7646267717748563
2026-04-30 16:00:00,5119,5210.3145,-91.314453125,91.314453125,1.7838338176401642
2026-04-30 16:30:00,5485,5435.5596,49.4404296875,49.4404296875,0.901375199407475
2026-04-30 17:00:00,5806,5773.0522,32.94775390625,32.94775390625,0.567477676649156
2026-04-30 17:30:00,6010,5994.4556,15.54443359375,15.54443359375,0.258642821859401
2026-04-30 18:00:00,6220,6105.651,114.34912109375,114.34912109375,1.8384103069734727
2026-04-30 18:30:00,6266,6325.9717,-59.9716796875,59.9716796875,0.9570967074289819
2026-04-30 19:00:00,6208,6199.9624,8.03759765625,8.03759765625,0.1294716117308312
2026-04-30 19:30:00,6090,6077.424,12.576171875,12.576171875,0.20650528530377665
2026-04-30 20:00:00,5986,5935.5757,50.42431640625,50.42431640625,0.842370805316572
2026-04-30 20:30:00,5854,5805.787,48.212890625,48.212890625,0.8235888388281517
2026-04-30 21:00:00,5723,5670.0107,52.9892578125,52.9892578125,0.9259000141970994
2026-04-30 21:30:00,5575,5522.5254,52.474609375,52.474609375,0.9412485986547086
2026-04-30 22:00:00,5436,5354.1963,81.8037109375,81.8037109375,1.5048511945824135
2026-04-30 22:30:00,5247,5228.3115,18.6884765625,18.6884765625,0.356174510434534
2026-04-30 23:00:00,5142,5087.1216,54.87841796875,54.87841796875,1.0672582257633216
2026-04-30 23:30:00,5187,5190.8604,-3.8603515625,3.8603515625,0.0744235890206285
2026-05-01 00:00:00,5116,5061.6523,54.34765625,54.34765625,1.0623075889366693
2026-05-01 00:30:00,4934,4920.309,13.69091796875,13.69091796875,0.2774811100273612
2026-05-01 01:00:00,4790,4780.963,9.037109375,9.037109375,0.18866616649269313
2026-05-01 01:30:00,4631,4659.9604,-28.96044921875,28.96044921875,0.625360596388469
2026-05-01 02:00:00,4506,4484.927,21.0732421875,21.0732421875,0.4676707098868175
2026-05-01 02:30:00,4397,4431.307,-34.30712890625,34.30712890625,0.7802394565897203
2026-05-01 03:00:00,4347,4322.3457,24.654296875,24.654296875,0.5671565878766965
2026-05-01 03:30:00,4293,4323.841,-30.8408203125,30.8408203125,0.7183978642557651
2026-05-01 04:00:00,4308,4293.905,14.09521484375,14.09521484375,0.32718697408890435
2026-05-01 04:30:00,4328,4383.434,-55.43408203125,55.43408203125,1.2808244461933918
2026-05-01 05:00:00,4384,4379.2705,4.7294921875,4.7294921875,0.10788075245209855
2026-05-01 05:30:00,4557,4536.0474,20.95263671875,20.95263671875,0.45979014085472897
2026-05-01 06:00:00,4695,4744.137,-49.13720703125,49.13720703125,1.046585879259851
2026-05-01 06:30:00,5011,4992.3965,18.603515625,18.603515625,0.3712535546797046
2026-05-01 07:00:00,5351,5219.108,131.89208984375,131.89208984375,2.4648119948374134
2026-05-01 07:30:00,5557,5488.213,68.787109375,68.787109375,1.2378461287565232
2026-05-01 08:00:00,5601,5551.2476,49.75244140625,49.75244140625,0.8882778326414925
2026-05-01 08:30:00,5436,5471.365,-35.365234375,35.365234375,0.6505745837932303
2026-05-01 09:00:00,5060,5255.17,-195.169921875,195.169921875,3.8571130805335967
2026-05-01 09:30:00,4816,4786.4927,29.50732421875,29.50732421875,0.612693609193314
2026-05-01 10:00:00,4559,4573.575,-14.5751953125,14.5751953125,0.31970158614827815
2026-05-01 10:30:00,4306,4396.635,-90.634765625,90.634765625,2.104848249535532
2026-05-01 11:00:00,4050,4186.793,-136.79296875,136.79296875,3.3776041666666665
2026-05-01 11:30:00,3969,3982.8877,-13.8876953125,13.8876953125,0.3499041398966994
2026-05-01 12:00:00,3876,3883.3171,-7.317138671875,7.317138671875,0.1887806674890351
2026-05-01 12:30:00,3776,3785.167,-9.1669921875,9.1669921875,0.2427699202198093
2026-05-01 13:00:00,3789,3754.5188,34.481201171875,34.481201171875,0.9100343407726313
2026-05-01 13:30:00,3902,3843.5818,58.418212890625,58.418212890625,1.497135133024731
2026-05-01 14:00:00,4112,3957.209,154.791015625,154.791015625,3.764372948078794
2026-05-01 14:30:00,4320,4237.897,82.10302734375,82.10302734375,1.9005330403645833
2026-05-01 15:00:00,4615,4492.2573,122.74267578125,122.74267578125,2.6596462791170095
2026-05-01 15:30:00,4891,4887.6475,3.3525390625,3.3525390625,0.06854506363729299
2026-05-01 16:00:00,5278,5241.4272,36.57275390625,36.57275390625,0.6929282665071996
2026-05-01 16:30:00,5639,5656.1084,-17.1083984375,17.1083984375,0.3033941911243128
2026-05-01 17:00:00,5919,6032.072,-113.07177734375,113.07177734375,1.9103189279227912
2026-05-01 17:30:00,6069,6196.499,-127.4990234375,127.4990234375,2.1008242451392323
2026-05-01 18:00:00,6196,6225.7085,-29.70849609375,29.70849609375,0.4794786328881536
2026-05-01 18:30:00,6162,6227.6963,-65.6962890625,65.6962890625,1.0661520458049336
2026-05-01 19:00:00,6090,6073.623,16.376953125,16.376953125,0.26891548645320196
2026-05-01 19:30:00,5936,5981.717,-45.716796875,45.716796875,0.7701616724225068
2026-05-01 20:00:00,5819,5810.901,8.09912109375,8.09912109375,0.1391840710388383
2026-05-01 20:30:00,5712,5698.778,13.22216796875,13.22216796875,0.2314805316657913
2026-05-01 21:00:00,5564,5552.726,11.27392578125,11.27392578125,0.2026226775925593
2026-05-01 21:30:00,5453,5393.328,59.671875,59.671875,1.094294425087108
2026-05-01 22:00:00,5298,5281.517,16.48291015625,16.48291015625,0.31111570698848623
2026-05-01 22:30:00,5117,5153.349,-36.34912109375,36.34912109375,0.7103599979235881
2026-05-01 23:00:00,5020,5018.826,1.173828125,1.173828125,0.023383030378486054
2026-05-01 23:30:00,5084,5143.574,-59.57421875,59.57421875,1.1717981658143195
2026-05-02 00:00:00,5011,4990.207,20.79296875,20.79296875,0.41494649271602474
2026-05-02 00:30:00,4818,4854.7793,-36.779296875,36.779296875,0.7633727039227896
2026-05-02 01:00:00,4702,4671.4263,30.57373046875,30.57373046875,0.6502282107347936
2026-05-02 01:30:00,4540,4557.7646,-17.7646484375,17.7646484375,0.39129181580396477
2026-05-02 02:00:00,4430,4419.0825,10.91748046875,10.91748046875,0.24644425437358916
2026-05-02 02:30:00,4288,4333.3135,-45.3134765625,45.3134765625,1.0567508526702427
2026-05-02 03:00:00,4238,4215.0234,22.9765625,22.9765625,0.542155792826805
2026-05-02 03:30:00,4190,4207.356,-17.35595703125,17.35595703125,0.41422331816825775
2026-05-02 04:00:00,4135,4145.805,-10.80517578125,10.80517578125,0.26131017608827084
2026-05-02 04:30:00,4138,4151.807,-13.80712890625,13.80712890625,0.3336667207890285
2026-05-02 05:00:00,4132,4159.3677,-27.36767578125,27.36767578125,0.6623348446575509
2026-05-02 05:30:00,4199,4183.0835,15.91650390625,15.91650390625,0.3790546298225768
2026-05-02 06:00:00,4216,4203.868,12.1318359375,12.1318359375,0.2877570193904175
2026-05-02 06:30:00,4361,4274.1206,86.87939453125,86.87939453125,1.992189739308645
2026-05-02 07:00:00,4497,4394.5786,102.42138671875,102.42138671875,2.277549182093618
2026-05-02 07:30:00,4590,4573.5146,16.4853515625,16.4853515625,0.3591579861111111
2026-05-02 08:00:00,4641,4615.0244,25.9755859375,25.9755859375,0.5596980378689937
2026-05-02 08:30:00,4758,4675.684,82.31591796875,82.31591796875,1.7300529207387556
2026-05-02 09:00:00,4706,4728.776,-22.77587890625,22.77587890625,0.4839753273746281
2026-05-02 09:30:00,4688,4588.155,99.84521484375,99.84521484375,2.129804070899104
2026-05-02 10:00:00,4603,4530.0146,72.9853515625,72.9853515625,1.5856039878883337
2026-05-02 10:30:00,4637,4461.383,175.6171875,175.6171875,3.787301865430235
2026-05-02 11:00:00,4570,4537.8003,32.19970703125,32.19970703125,0.7045887753008753
2026-05-02 11:30:00,4611,4467.8438,143.15625,143.15625,3.104668184775537
2026-05-02 12:00:00,4492,4503.139,-11.13916015625,11.13916015625,0.24797774167965272
2026-05-02 12:30:00,4321,4386.5674,-65.5673828125,65.5673828125,1.5174122381971764
2026-05-02 13:00:00,4299,4232.2324,66.767578125,66.767578125,1.5530955600139567
2026-05-02 13:30:00,4393,4309.1284,83.87158203125,83.87158203125,1.9092096979569768
2026-05-02 14:00:00,4341,4463.4834,-122.4833984375,122.4833984375,2.8215479944137294
2026-05-02 14:30:00,4161,4418.381,-257.380859375,257.380859375,6.185552977048786
2026-05-02 15:00:00,4337,4245.5796,91.42041015625,91.42041015625,2.107918149786719
2026-05-02 15:30:00,4477,4530.7085,-53.70849609375,53.70849609375,1.1996536987659148
2026-05-02 16:00:00,4599,4718.7983,-119.79833984375,119.79833984375,2.604878013562731
2026-05-02 16:30:00,5011,4938.9033,72.0966796875,72.0966796875,1.4387683034823389
2026-05-02 17:00:00,5305,5325.626,-20.6259765625,20.6259765625,0.38880257422243164
2026-05-02 17:30:00,5523,5589.4844,-66.484375,66.484375,1.2037728589534673
2026-05-02 18:00:00,5746,5746.288,-0.2880859375,0.2880859375,0.005013677993386704
2026-05-02 18:30:00,5716,5795.3813,-79.38134765625,79.38134765625,1.388756956897306
2026-05-02 19:00:00,5619,5653.962,-34.9619140625,34.9619140625,0.6222088283057483
2026-05-02 19:30:00,5507,5548.787,-41.787109375,41.787109375,0.7587998796985654
2026-05-02 20:00:00,5387,5449.877,-62.876953125,62.876953125,1.1671979418043437
2026-05-02 20:30:00,5278,5281.8364,-3.83642578125,3.83642578125,0.07268711218738158
2026-05-02 21:00:00,4951,5146.287,-195.287109375,195.287109375,3.9443972808523533
2026-05-02 21:30:00,4985,4880.1343,104.86572265625,104.86572265625,2.103625329112337
2026-05-02 22:00:00,5037,4879.9897,157.01025390625,157.01025390625,3.117138255037721
2026-05-02 22:30:00,4939,4914.5635,24.4365234375,24.4365234375,0.49476662153269896
2026-05-02 23:00:00,4901,4824.0913,76.90869140625,76.90869140625,1.56924487668333
2026-05-02 23:30:00,4997,4939.8,57.2001953125,57.2001953125,1.1446907206824095
2026-05-03 00:00:00,4921,4938.2974,-17.29736328125,17.29736328125,0.3515009811268035
2026-05-03 00:30:00,4787,4749.1353,37.86474609375,37.86474609375,0.7909911446365155
2026-05-03 01:00:00,4620,4641.143,-21.14306640625,21.14306640625,0.45764213000541126
2026-05-03 01:30:00,4488,4474.7993,13.20068359375,13.20068359375,0.29413287864861853
2026-05-03 02:00:00,4347,4351.2324,-4.232421875,4.232421875,0.09736420232344145
2026-05-03 02:30:00,4260,4259.7974,0.20263671875,0.20263671875,0.004756730487089202
2026-05-03 03:00:00,4187,4186.822,0.17822265625,0.17822265625,0.004256571680200621
2026-05-03 03:30:00,4130,4131.761,-1.76123046875,1.76123046875,0.04264480553874092
2026-05-03 04:00:00,4102,4101.3438,0.65625,0.65625,0.01599829351535836
2026-05-03 04:30:00,4076,4138.1216,-62.12158203125,62.12158203125,1.524081992915849
2026-05-03 05:00:00,4039,4071.922,-32.922119140625,32.922119140625,0.81510569796051
2026-05-03 05:30:00,4078,4122.986,-44.98583984375,44.98583984375,1.1031348662027955
2026-05-03 06:00:00,4113,4111.509,1.4912109375,1.4912109375,0.03625604029905179
2026-05-03 06:30:00,4179,4164.1904,14.8095703125,14.8095703125,0.35438072056712133
2026-05-03 07:00:00,4308,4198.5767,109.42333984375,109.42333984375,2.5400032461409006
2026-05-03 07:30:00,4345,4329.7964,15.20361328125,15.20361328125,0.34991054732451093
2026-05-03 08:00:00,4380,4316.838,63.162109375,63.162109375,1.4420572916666667
2026-05-03 08:30:00,4358,4388.073,-30.0732421875,30.0732421875,0.6900698069642038
2026-05-03 09:00:00,4453,4299.546,153.4541015625,153.4541015625,3.446083574275769
2026-05-03 09:30:00,4830,4424.5317,405.46826171875,405.46826171875,8.394788027303314
2026-05-03 10:00:00,5044,4857.477,186.52294921875,186.52294921875,3.6979173120291433
2026-05-03 10:30:00,5126,5101.691,24.30908203125,24.30908203125,0.4742310189475224
2026-05-03 11:00:00,5189,5170.9414,18.05859375,18.05859375,0.3480168385045288
2026-05-03 11:30:00,5354,5211.703,142.296875,142.296875,2.657767556966754
2026-05-03 12:00:00,5003,5443.9194,-440.91943359375,440.91943359375,8.813100811388166
2026-05-03 12:30:00,4561,4930.675,-369.6748046875,369.6748046875,8.105126171618066
2026-05-03 13:00:00,4718,4300.381,417.619140625,417.619140625,8.851613832662144
2026-05-03 13:30:00,4891,4745.043,145.95703125,145.95703125,2.9841960999795543
2026-05-03 14:00:00,4735,4962.5986,-227.5986328125,227.5986328125,4.806729309662091
2026-05-03 14:30:00,4718,4690.492,27.5078125,27.5078125,0.5830396884272997
2026-05-03 15:00:00,4850,4692.819,157.18115234375,157.18115234375,3.24084850193299
2026-05-03 15:30:00,4774,4890.662,-116.662109375,116.662109375,2.443697305718475
2026-05-03 16:00:00,4758,4781.8525,-23.8525390625,23.8525390625,0.5013143981189575
2026-05-03 16:30:00,4863,4777.8433,85.15673828125,85.15673828125,1.7511153255449312
2026-05-03 17:00:00,5160,5039.9272,120.07275390625,120.07275390625,2.3269913547722867
2026-05-03 17:30:00,5542,5415.7837,126.21630859375,126.21630859375,2.2774505339904367
2026-05-03 18:00:00,5831,5798.192,32.80810546875,32.80810546875,0.5626497250685989
2026-05-03 18:30:00,5951,5900.0737,50.92626953125,50.92626953125,0.8557598644135439
2026-05-03 19:00:00,5915,5958.77,-43.77001953125,43.77001953125,0.7399834240278952
2026-05-03 19:30:00,5762,5851.3105,-89.310546875,89.310546875,1.5499921359770912
2026-05-03 20:00:00,5657,5621.701,35.298828125,35.298828125,0.6239849412232632
2026-05-03 20:30:00,5566,5486.011,79.98876953125,79.98876953125,1.4370961108740568
2026-05-03 21:00:00,5436,5385.9873,50.0126953125,50.0126953125,0.9200275075883002
2026-05-03 21:30:00,5294,5255.8867,38.11328125,38.11328125,0.7199335332451832
2026-05-03 22:00:00,5137,5135.194,1.80615234375,1.80615234375,0.03515967186587503
2026-05-03 22:30:00,4988,4990.4946,-2.49462890625,2.49462890625,0.050012608385124294
2026-05-03 23:00:00,4888,4880.536,7.4638671875,7.4638671875,0.15269777388502453
2026-05-03 23:30:00,4943,4957.1367,-14.13671875,14.13671875,0.28599471474812865
2026-05-04 00:00:00,4897,4892.2534,4.74658203125,4.74658203125,0.09692836494282213
2026-05-04 00:30:00,4766,4747.2075,18.79248046875,18.79248046875,0.3943029892729753
2026-05-04 01:00:00,4653,4629.5767,23.42333984375,23.42333984375,0.5034029624704492
2026-05-04 01:30:00,4513,4545.1797,-32.1796875,32.1796875,0.7130442610237092
2026-05-04 02:00:00,4366,4432.836,-66.8359375,66.8359375,1.5308277027027026
2026-05-04 02:30:00,4267,4299.3047,-32.3046875,32.3046875,0.7570819662526365
2026-05-04 03:00:00,4224,4220.816,3.18408203125,3.18408203125,0.07538072990648674
2026-05-04 03:30:00,4189,4216.327,-27.3271484375,27.3271484375,0.6523549400214849
2026-05-04 04:00:00,4155,4193.944,-38.94384765625,38.94384765625,0.9372767185619736
2026-05-04 04:30:00,4219,4269.306,-50.30615234375,50.30615234375,1.1923714705795212
2026-05-04 05:00:00,4271,4340.717,-69.716796875,69.716796875,1.6323295920159215
2026-05-04 05:30:00,4438,4428.1826,9.8173828125,9.8173828125,0.22121187049346552
2026-05-04 06:00:00,4643,4591.3667,51.63330078125,51.63330078125,1.1120676455147533
2026-05-04 06:30:00,5060,4933.278,126.72216796875,126.72216796875,2.50439067131917
2026-05-04 07:00:00,5476,5276.728,199.27197265625,199.27197265625,3.639006074803689
2026-05-04 07:30:00,5821,5601.17,219.830078125,219.830078125,3.776500225476722
2026-05-04 08:00:00,5892,5810.317,81.68310546875,81.68310546875,1.3863391966861847
2026-05-04 08:30:00,5667,5718.5654,-51.5654296875,51.5654296875,0.9099246459767072
2026-05-04 09:00:00,5272,5366.392,-94.39208984375,94.39208984375,1.7904417648662747
2026-05-04 09:30:00,4935,5017.393,-82.39306640625,82.39306640625,1.6695656819908815
2026-05-04 10:00:00,4607,4553.0024,53.99755859375,53.99755859375,1.1720763749457348
2026-05-04 10:30:00,4396,4354.714,41.2861328125,41.2861328125,0.9391749957347588
2026-05-04 11:00:00,4162,4166.354,-4.35400390625,4.35400390625,0.1046132606018741
2026-05-04 11:30:00,4120,4006.8735,113.12646484375,113.12646484375,2.7457879816444173
2026-05-04 12:00:00,4121,4023.135,97.864990234375,97.864990234375,2.374787435922713
2026-05-04 12:30:00,4157,4037.1628,119.837158203125,119.837158203125,2.8827798461179936
2026-05-04 13:00:00,4252,4049.0134,202.986572265625,202.986572265625,4.773908096557503
2026-05-04 13:30:00,4490,4208.4014,281.5986328125,281.5986328125,6.271684472438753
2026-05-04 14:00:00,4519,4570.0874,-51.08740234375,51.08740234375,1.1305023753872538
2026-05-04 14:30:00,4574,4589.5215,-15.521484375,15.521484375,0.3393415910581548
2026-05-04 15:00:00,4795,4733.4995,61.50048828125,61.50048828125,1.282596210245047
2026-05-04 15:30:00,5005,4949.9897,55.01025390625,55.01025390625,1.099105972152847
2026-05-04 16:00:00,5242,5173.8975,68.1025390625,68.1025390625,1.2991709092426555
2026-05-04 16:30:00,5686,5569.124,116.8759765625,116.8759765625,2.055504336308477
2026-05-04 17:00:00,6072,6015.487,56.51318359375,56.51318359375,0.930717779870718
2026-05-04 17:30:00,6325,6300.349,24.65087890625,24.65087890625,0.3897372159090909
2026-05-04 18:00:00,6624,6540.035,83.96484375,83.96484375,1.267585201539855
2026-05-04 18:30:00,6692,6704.0146,-12.0146484375,12.0146484375,0.17953748412283324
2026-05-04 19:00:00,6599,6596.129,2.87109375,2.87109375,0.043508012577663284
2026-05-04 19:30:00,6447,6460.9336,-13.93359375,13.93359375,0.21612523266635644
2026-05-04 20:00:00,6312,6288.2734,23.7265625,23.7265625,0.3758961105830165
2026-05-04 20:30:00,6153,6096.3823,56.61767578125,56.61767578125,0.9201637539614822
2026-05-04 21:00:00,6010,5912.259,97.7412109375,97.7412109375,1.6263096661813643
2026-05-04 21:30:00,5793,5769.2056,23.79443359375,23.79443359375,0.41074458128344554
2026-05-04 22:00:00,5617,5553.7554,63.24462890625,63.24462890625,1.12595030988517
2026-05-04 22:30:00,5399,5416.3125,-17.3125,17.3125,0.3206612335617707
2026-05-04 23:00:00,5214,5248.406,-34.40576171875,34.40576171875,0.6598726835203299
2026-05-04 23:30:00,5262,5248.0005,13.99951171875,13.99951171875,0.26604925349201825
2026-05-05 00:00:00,5164,5181.2974,-17.29736328125,17.29736328125,0.3349605592805964
2026-05-05 00:30:00,5015,5009.068,5.93212890625,5.93212890625,0.11828771498005983
2026-05-05 01:00:00,4885,4846.0938,38.90625,38.90625,0.7964431934493347
2026-05-05 01:30:00,4715,4743.4224,-28.42236328125,28.42236328125,0.6028072806203605
2026-05-05 02:00:00,4624,4581.529,42.47119140625,42.47119140625,0.9184946238375865
2026-05-05 02:30:00,4519,4513.195,5.80517578125,5.80517578125,0.12846151319429078
2026-05-05 03:00:00,4443,4452.467,-9.466796875,9.466796875,0.21307217814539725
2026-05-05 03:30:00,4419,4419.53,-0.52978515625,0.52978515625,0.01198880190653994
2026-05-05 04:00:00,4395,4421.1387,-26.138671875,26.138671875,0.5947365614334471
2026-05-05 04:30:00,4392,4464.5566,-72.556640625,72.556640625,1.6520182291666667
2026-05-05 05:00:00,4459,4480.141,-21.14111328125,21.14111328125,0.4741222983011886
2026-05-05 05:30:00,4623,4621.6797,1.3203125,1.3203125,0.02855964741509842
2026-05-05 06:00:00,4806,4805.894,0.10595703125,0.10595703125,0.002204682298168955
2026-05-05 06:30:00,5162,5092.9478,69.05224609375,69.05224609375,1.3377033338580007
2026-05-05 07:00:00,5535,5493.997,41.0029296875,41.0029296875,0.7407936709575429
2026-05-05 07:30:00,5847,5772.0146,74.9853515625,74.9853515625,1.2824585524628014
2026-05-05 08:00:00,5981,5928.859,52.14111328125,52.14111328125,0.8717791887853201
2026-05-05 08:30:00,5843,5893.535,-50.53515625,50.53515625,0.8648837283929489
2026-05-05 09:00:00,5572,5638.132,-66.1318359375,66.1318359375,1.186859941448313
2026-05-05 09:30:00,5386,5348.467,37.533203125,37.533203125,0.6968660067768289
2026-05-05 10:00:00,5187,5080.05,106.9501953125,106.9501953125,2.061889248361288
2026-05-05 10:30:00,5083,4970.3916,112.6083984375,112.6083984375,2.215392454013378
2026-05-05 11:00:00,5097,4875.825,221.1748046875,221.1748046875,4.339313413527565
2026-05-05 11:30:00,5072,4972.8774,99.12255859375,99.12255859375,1.9543091205392351
2026-05-05 12:00:00,4976,4929.525,46.47509765625,46.47509765625,0.9339850815162781
2026-05-05 12:30:00,4981,4900.0596,80.9404296875,80.9404296875,1.6249835311684402
2026-05-05 13:00:00,5097,4947.7554,149.24462890625,149.24462890625,2.9280876771875612
2026-05-05 13:30:00,5218,5069.8354,148.16455078125,148.16455078125,2.839489282890954
2026-05-05 14:00:00,5364,5242.6235,121.37646484375,121.37646484375,2.2627976294509695
2026-05-05 14:30:00,5346,5456.583,-110.5830078125,110.5830078125,2.068518664655817
2026-05-05 15:00:00,5488,5490.927,-2.9267578125,2.9267578125,0.05333013506741983
2026-05-05 15:30:00,5530,5608.3325,-78.33251953125,78.33251953125,1.416501257346293
2026-05-05 16:00:00,5737,5641.405,95.59521484375,95.59521484375,1.6662927460998778
2026-05-05 16:30:00,6009,5831.338,177.662109375,177.662109375,2.9566002558662006
2026-05-05 17:00:00,6261,6284.4546,-23.45458984375,23.45458984375,0.37461411665468775
2026-05-05 17:30:00,6513,6476.646,36.35400390625,36.35400390625,0.5581760157569476
2026-05-05 18:00:00,6799,6668.2603,130.73974609375,130.73974609375,1.9229261081592883
2026-05-05 18:30:00,6865,6870.6323,-5.63232421875,5.63232421875,0.08204405271303715
2026-05-05 19:00:00,6787,6801.344,-14.34423828125,14.34423828125,0.2113487296485929
2026-05-05 19:30:00,6642,6645.9976,-3.99755859375,3.99755859375,0.06018606735546522
2026-05-05 20:00:00,6523,6487.1084,35.8916015625,35.8916015625,0.5502315125325771
2026-05-05 20:30:00,6335,6329.4976,5.50244140625,5.50244140625,0.08685779646803472
2026-05-05 21:00:00,6194,6109.1895,84.810546875,84.810546875,1.3692371145463351
2026-05-05 21:30:00,5998,5916.7207,81.279296875,81.279296875,1.3551066501333777
2026-05-05 22:00:00,5797,5750.1826,46.8173828125,46.8173828125,0.8076139867603933
2026-05-05 22:30:00,5582,5562.5596,19.4404296875,19.4404296875,0.3482699693210319
2026-05-05 23:00:00,5379,5383.149,-4.14892578125,4.14892578125,0.0771319163645659
2026-05-05 23:30:00,5364,5349.54,14.4599609375,14.4599609375,0.26957421583706187
2026-05-06 00:00:00,5251,5235.9453,15.0546875,15.0546875,0.2867013426014092
2026-05-06 00:30:00,5157,5110.0513,46.94873046875,46.94873046875,0.9103884132005042
2026-05-06 01:00:00,4972,4988.895,-16.89501953125,16.89501953125,0.33980328904364443
2026-05-06 01:30:00,4831,4815.8223,15.177734375,15.177734375,0.31417376060856966
2026-05-06 02:00:00,4719,4701.1963,17.8037109375,17.8037109375,0.3772771972345836
2026-05-06 02:30:00,4579,4608.946,-29.94580078125,29.94580078125,0.6539812356682682
2026-05-06 03:00:00,4536,4530.2183,5.78173828125,5.78173828125,0.1274633659887566
2026-05-06 03:30:00,4494,4510.1895,-16.189453125,16.189453125,0.36024595293724965
2026-05-06 04:00:00,4452,4490.435,-38.43505859375,38.43505859375,0.8633211723663522
2026-05-06 04:30:00,4516,4532.852,-16.85205078125,16.85205078125,0.3731632148195306
2026-05-06 05:00:00,4528,4609.412,-81.412109375,81.412109375,1.797970613405477
2026-05-06 05:30:00,4692,4679.647,12.35302734375,12.35302734375,0.263278502637468
2026-05-06 06:00:00,4883,4892.0303,-9.0302734375,9.0302734375,0.18493289857669465
2026-05-06 06:30:00,5277,5179.956,97.0439453125,97.0439453125,1.8389983951582338
2026-05-06 07:00:00,5678,5591.5176,86.482421875,86.482421875,1.5231141577139837
2026-05-06 07:30:00,6014,5836.9497,177.05029296875,177.05029296875,2.9439689552502495
2026-05-06 08:00:00,6182,6051.2026,130.79736328125,130.79736328125,2.1157774713887094
2026-05-06 08:30:00,6174,6101.098,72.90185546875,72.90185546875,1.180788070436508
2026-05-06 09:00:00,5938,5964.9263,-26.92626953125,26.92626953125,0.45345687994695183
2026-05-06 09:30:00,5745,5697.493,47.5068359375,47.5068359375,0.8269249075282854
2026-05-06 10:00:00,5526,5378.355,147.64501953125,147.64501953125,2.671824457677343
2026-05-06 10:30:00,5429,5236.9077,192.09228515625,192.09228515625,3.538262758449991
2026-05-06 11:00:00,5401,5163.075,237.9248046875,237.9248046875,4.405199124004814
2026-05-06 11:30:00,5496,5227.1753,268.82470703125,268.82470703125,4.891279240015465
2026-05-06 12:00:00,5272,5373.1777,-101.177734375,101.177734375,1.9191527764605463
2026-05-06 12:30:00,5018,5175.576,-157.576171875,157.576171875,3.1402186503587086
2026-05-06 13:00:00,5029,4979.948,49.0517578125,49.0517578125,0.9753779640584609
2026-05-06 13:30:00,4881,4970.0825,-89.08251953125,89.08251953125,1.825087472469781
2026-05-06 14:00:00,5010,4860.8066,149.193359375,149.193359375,2.977911364770459
2026-05-06 14:30:00,5045,5031.7637,13.236328125,13.236328125,0.26236527502477697
2026-05-06 15:00:00,5228,5105.38,122.6201171875,122.6201171875,2.345449831436496
2026-05-06 15:30:00,5220,5369.3286,-149.32861328125,149.32861328125,2.860701403855364
2026-05-06 16:00:00,5442,5352.9697,89.0302734375,89.0302734375,1.6359844439084896
2026-05-06 16:30:00,5882,5715.982,166.01806640625,166.01806640625,2.8224764774948996
2026-05-06 17:00:00,6291,6171.168,119.83203125,119.83203125,1.9048169011285965
2026-05-06 17:30:00,6631,6572.0576,58.9423828125,58.9423828125,0.8888913106997437
2026-05-06 18:00:00,6920,6907.9175,12.08251953125,12.08251953125,0.17460288339956648
2026-05-06 18:30:00,7031,6867.3613,163.638671875,163.638671875,2.3273883071398096
2026-05-06 19:00:00,7003,6904.732,98.26806640625,98.26806640625,1.4032281366021704
2026-05-06 19:30:00,6877,6897.949,-20.94921875,20.94921875,0.30462729024283847
2026-05-06 20:00:00,6845,6704.474,140.52587890625,140.52587890625,2.0529712038897006
2026-05-06 20:30:00,6693,6647.0493,45.95068359375,45.95068359375,0.6865483877745405
2026-05-06 21:00:00,6562,6497.7847,64.21533203125,64.21533203125,0.9785939047736971
2026-05-06 21:30:00,6372,6339.344,32.65576171875,32.65576171875,0.5124884136652542
2026-05-06 22:00:00,6167,6155.3003,11.69970703125,11.69970703125,0.18971472403518727
2026-05-06 22:30:00,5929,5916.2046,12.79541015625,12.79541015625,0.21581059464074884
2026-05-06 23:00:00,5686,5714.1807,-28.1806640625,28.1806640625,0.49561491492261694
2026-05-06 23:30:00,5665,5687.545,-22.544921875,22.544921875,0.3979686120917917
2026-05-07 00:00:00,5590,5514.939,75.06103515625,75.06103515625,1.3427734375
2026-05-07 00:30:00,5401,5446.753,-45.7529296875,45.7529296875,0.8471196016941308
2026-05-07 01:00:00,5245,5264.0664,-19.06640625,19.06640625,0.3635158484270734
2026-05-07 01:30:00,5092,5131.167,-39.1669921875,39.1669921875,0.7691868065102121
2026-05-07 02:00:00,4943,4963.3755,-20.37548828125,20.37548828125,0.4122089476279588
2026-05-07 02:30:00,4856,4864.7725,-8.7724609375,8.7724609375,0.18065199624176276
2026-05-07 03:00:00,4802,4789.2607,12.7392578125,12.7392578125,0.2652906666493128
2026-05-07 03:30:00,4823,4771.639,51.36083984375,51.36083984375,1.0649147800901928
2026-05-07 04:00:00,4799,4778.997,20.0029296875,20.0029296875,0.41681453818503855
2026-05-07 04:30:00,4877,4816.804,60.19580078125,60.19580078125,1.2342792860621283
2026-05-07 05:00:00,4993,4934.74,58.259765625,58.259765625,1.166828872922091
2026-05-07 05:30:00,5187,5203.363,-16.36279296875,16.36279296875,0.3154577399026412
2026-05-07 06:00:00,5492,5437.3813,54.61865234375,54.61865234375,0.9945129705708303
2026-05-07 06:30:00,5988,5996.4277,-8.427734375,8.427734375,0.14074372703740815
2026-05-07 07:00:00,6553,6284.443,268.55712890625,268.55712890625,4.098231785537158
2026-05-07 07:30:00,7073,6925.21,147.7900390625,147.7900390625,2.0894958159550403
2026-05-07 08:00:00,7420,7278.4375,141.5625,141.5625,1.9078504043126685
2026-05-07 08:30:00,7402,7311.386,90.61376953125,90.61376953125,1.2241795397358823
2026-05-07 09:00:00,7237,7217.481,19.51904296875,19.51904296875,0.26971180003799916
2026-05-07 09:30:00,7164,6991.3384,172.66162109375,172.66162109375,2.4101287143181183
2026-05-07 10:00:00,6886,6874.2285,11.771484375,11.771484375,0.17094807399070577
2026-05-07 10:30:00,6971,6656.427,314.5732421875,314.5732421875,4.512598510794721
2026-05-07 11:00:00,6715,6774.4844,-59.484375,59.484375,0.885843261355175
2026-05-07 11:30:00,6620,6490.5728,129.42724609375,129.42724609375,1.9550943518693353
2026-05-07 12:00:00,6307,6457.4478,-150.44775390625,150.44775390625,2.385409131223244
2026-05-07 12:30:00,6351,6071.04,279.9599609375,279.9599609375,4.408124089710282
2026-05-07 13:00:00,6260,6138.7886,121.21142578125,121.21142578125,1.9362847568889778
2026-05-07 13:30:00,6320,6140.904,179.09619140625,179.09619140625,2.8338004969343356
2026-05-07 14:00:00,6147,6295.414,-148.4140625,148.4140625,2.414414551813893
2026-05-07 14:30:00,6199,6137.5454,61.45458984375,61.45458984375,0.9913629592474592
2026-05-07 15:00:00,6450,6198.143,251.85693359375,251.85693359375,3.9047586603682167
2026-05-07 15:30:00,6692,6533.4204,158.57958984375,158.57958984375,2.36968902934474
2026-05-07 16:00:00,6962,6955.2793,6.720703125,6.720703125,0.09653408682849755
2026-05-07 16:30:00,7191,7231.627,-40.626953125,40.626953125,0.5649694496592963
2026-05-07 17:00:00,7498,7442.972,55.02783203125,55.02783203125,0.7339001337856762
2026-05-07 17:30:00,7764,7711.775,52.22509765625,52.22509765625,0.672657105309763
2026-05-07 18:00:00,8068,7953.31,114.68994140625,114.68994140625,1.4215411676530738
2026-05-07 18:30:00,8051,8043.5063,7.49365234375,7.49365234375,0.09307728659483294
2026-05-07 19:00:00,7981,7936.954,44.0458984375,44.0458984375,0.5518844560518732
2026-05-07 19:30:00,7841,7850.354,-9.35400390625,9.35400390625,0.11929605798048717
2026-05-07 20:00:00,7689,7685.537,3.462890625,3.462890625,0.045036944010924694
2026-05-07 20:30:00,7522,7468.453,53.546875,53.546875,0.7118701808029779
2026-05-07 21:00:00,7292,7282.689,9.31103515625,9.31103515625,0.12768835924643446
2026-05-07 21:30:00,7010,6956.7646,53.2353515625,53.2353515625,0.7594201364122681
2026-05-07 22:00:00,6735,6617.9766,117.0234375,117.0234375,1.7375417594654787
2026-05-07 22:30:00,6390,6352.6685,37.33154296875,37.33154296875,0.5842181998239436
2026-05-07 23:00:00,6197,6080.931,116.06884765625,116.06884765625,1.8729844708124899
2026-05-07 23:30:00,6107,6044.2837,62.71630859375,62.71630859375,1.026957730370886
2026-05-08 00:00:00,5879,5927.569,-48.56884765625,48.56884765625,0.826141310703351
2026-05-08 00:30:00,5671,5642.944,28.05615234375,28.05615234375,0.49473024764150947
2026-05-08 01:00:00,5489,5453.555,35.44482421875,35.44482421875,0.6457428351020222
2026-05-08 01:30:00,5303,5287.322,15.67822265625,15.67822265625,0.29564817379313596
2026-05-08 02:00:00,5125,5112.95,12.0498046875,12.0498046875,0.23511814024390243
2026-05-08 02:30:00,4991,4987.741,3.2587890625,3.2587890625,0.06529330920657182
2026-05-08 03:00:00,4942,4870.532,71.4677734375,71.4677734375,1.4461305835188183
2026-05-08 03:30:00,4881,4874.4062,6.59375,6.59375,0.1350901454619955
2026-05-08 04:00:00,4866,4831.476,34.52392578125,34.52392578125,0.7094929260429511
2026-05-08 04:30:00,4903,4858.727,44.27294921875,44.27294921875,0.9029767329951051
2026-05-08 05:00:00,4934,4947.1597,-13.15966796875,13.15966796875,0.26671398396331575
2026-05-08 05:30:00,5096,5070.297,25.703125,25.703125,0.5043784340659341
2026-05-08 06:00:00,5348,5266.1685,81.83154296875,81.83154296875,1.5301335633648094
2026-05-08 06:30:00,5754,5707.233,46.76708984375,46.76708984375,0.8127752840415362
2026-05-08 07:00:00,6207,6033.6924,173.3076171875,173.3076171875,2.7921317413806994
2026-05-08 07:30:00,6619,6358.1685,260.83154296875,260.83154296875,3.9406487833320742
2026-05-08 08:00:00,6786,6730.7236,55.2763671875,55.2763671875,0.8145647979295609
2026-05-08 08:30:00,6751,6720.4126,30.58740234375,30.58740234375,0.4530795784883721
2026-05-08 09:00:00,6478,6500.302,-22.3017578125,22.3017578125,0.3442691851265823
2026-05-08 09:30:00,6266,6200.9194,65.08056640625,65.08056640625,1.0386301692666773
2026-05-08 10:00:00,6009,5919.353,89.64697265625,89.64697265625,1.4918783933474788
2026-05-08 10:30:00,6034,5724.3423,309.65771484375,309.65771484375,5.1318812536252905
2026-05-08 11:00:00,5908,5720.095,187.90478515625,187.90478515625,3.1805143052852065
2026-05-08 11:30:00,5785,5712.9653,72.03466796875,72.03466796875,1.2451973719749352
2026-05-08 12:00:00,5718,5688.682,29.31787109375,29.31787109375,0.5127294699851346
2026-05-08 12:30:00,5570,5651.773,-81.77294921875,81.77294921875,1.4680960362432676
2026-05-08 13:00:00,5480,5513.894,-33.89404296875,33.89404296875,0.6185044337363139
2026-05-08 13:30:00,5431,5452.065,-21.06494140625,21.06494140625,0.3878648758285767
2026-05-08 14:00:00,5473,5400.788,72.2119140625,72.2119140625,1.319421049926914
2026-05-08 14:30:00,5368,5480.503,-112.5029296875,112.5029296875,2.0958071849385242
2026-05-08 15:00:00,5443,5432.433,10.56689453125,10.56689453125,0.19413732374150286
2026-05-08 15:30:00,5509,5566.7197,-57.7197265625,57.7197265625,1.047735098248321
2026-05-08 16:00:00,5784,5666.2744,117.7255859375,117.7255859375,2.0353662852264867
2026-05-08 16:30:00,6165,6005.5205,159.4794921875,159.4794921875,2.586853076845093
2026-05-08 17:00:00,6441,6432.645,8.35498046875,8.35498046875,0.1297155793937277
2026-05-08 17:30:00,6721,6709.306,11.69384765625,11.69384765625,0.1739896987985419
2026-05-08 18:00:00,7007,6906.2134,100.78662109375,100.78662109375,1.4383705022655915
2026-05-08 18:30:00,7021,7060.182,-39.18212890625,39.18212890625,0.5580704871991169
2026-05-08 19:00:00,7000,6964.741,35.2587890625,35.2587890625,0.5036969866071429
2026-05-08 19:30:00,6849,6903.576,-54.576171875,54.576171875,0.7968487644181633
2026-05-08 20:00:00,6733,6705.254,27.74609375,27.74609375,0.41209109980692116
2026-05-08 20:30:00,6571,6471.3906,99.609375,99.609375,1.5158936995891037
2026-05-08 21:00:00,6431,6342.6772,88.32275390625,88.32275390625,1.3733906687334785
2026-05-08 21:30:00,6310,6175.8164,134.18359375,134.18359375,2.1265228803486527
2026-05-08 22:00:00,6143,6042.0396,100.96044921875,100.96044921875,1.6435039755616148
2026-05-08 22:30:00,5948,5911.6426,36.357421875,36.357421875,0.611254570864156
2026-05-08 23:00:00,5738,5724.5234,13.4765625,13.4765625,0.2348651533635413
2026-05-08 23:30:00,5706,5672.121,33.87890625,33.87890625,0.5937417849631966
2026-05-09 00:00:00,5605,5574.41,30.58984375,30.58984375,0.5457599241748439
2026-05-09 00:30:00,5405,5409.544,-4.5439453125,4.5439453125,0.08406929347826088
2026-05-09 01:00:00,5216,5223.392,-7.39208984375,7.39208984375,0.14171951387557516
2026-05-09 01:30:00,5050,5036.4033,13.5966796875,13.5966796875,0.2692411819306931
2026-05-09 02:00:00,4874,4876.9844,-2.984375,2.984375,0.06123050882232253
2026-05-09 02:30:00,4749,4758.301,-9.30078125,9.30078125,0.19584715203200673
2026-05-09 03:00:00,4640,4623.083,16.9169921875,16.9169921875,0.3645903488685345
2026-05-09 03:30:00,4603,4581.4634,21.53662109375,21.53662109375,0.4678822744677384
2026-05-09 04:00:00,4575,4544.224,30.77587890625,30.77587890625,0.6726968066939891
2026-05-09 04:30:00,4537,4569.055,-32.05517578125,32.05517578125,0.7065280092847697
2026-05-09 05:00:00,4559,4511.127,47.873046875,47.873046875,1.050077799407765
2026-05-09 05:30:00,4622,4588.01,33.990234375,33.990234375,0.7354010033535265
2026-05-09 06:00:00,4709,4651.886,57.11376953125,57.11376953125,1.2128640800860055
2026-05-09 06:30:00,4898,4819.8403,78.15966796875,78.15966796875,1.5957465898070642
2026-05-09 07:00:00,5074,4932.4404,141.5595703125,141.5595703125,2.789900873324793
2026-05-09 07:30:00,5291,5085.911,205.0888671875,205.0888671875,3.8761834660272156
2026-05-09 08:00:00,5434,5367.8706,66.12939453125,66.12939453125,1.2169561010535517
2026-05-09 08:30:00,5506,5575.9014,-69.9013671875,69.9013671875,1.269548986333091
2026-05-09 09:00:00,5397,5586.087,-189.0869140625,189.0869140625,3.5035559396423936
2026-05-09 09:30:00,5325,5374.011,-49.01123046875,49.01123046875,0.9203986942488264
2026-05-09 10:00:00,5218,5204.521,13.47900390625,13.47900390625,0.25831743783537753
2026-05-09 10:30:00,5065,5111.392,-46.39208984375,46.39208984375,0.9159346464708786
2026-05-09 11:00:00,4924,4881.9844,42.015625,42.015625,0.8532823923639318
2026-05-09 11:30:00,4974,4801.062,172.93798828125,172.93798828125,3.476839330141737
2026-05-09 12:00:00,4897,4866.322,30.67822265625,30.67822265625,0.6264697295538085
2026-05-09 12:30:00,4783,4823.0806,-40.08056640625,40.08056640625,0.8379796447052059
2026-05-09 13:00:00,4621,4712.806,-91.80615234375,91.80615234375,1.98671612949037
2026-05-09 13:30:00,4577,4561.9316,15.068359375,15.068359375,0.3292191255188988
2026-05-09 14:00:00,4573,4552.664,20.3359375,20.3359375,0.44469576864202925
2026-05-09 14:30:00,4471,4598.839,-127.8388671875,127.8388671875,2.8592902524602994
2026-05-09 15:00:00,4575,4528.6084,46.3916015625,46.3916015625,1.0140240778688525
2026-05-09 15:30:00,4679,4712.7725,-33.7724609375,33.7724609375,0.7217880089228468
2026-05-09 16:00:00,4953,4906.3945,46.60546875,46.60546875,0.9409543458509994
2026-05-09 16:30:00,5305,5206.813,98.18701171875,98.18701171875,1.850839052191329
2026-05-09 17:00:00,5657,5630.5503,26.44970703125,26.44970703125,0.4675571333082906
2026-05-09 17:30:00,5978,5959.7856,18.21435546875,18.21435546875,0.3046897870316159
2026-05-09 18:00:00,6269,6192.2085,76.79150390625,76.79150390625,1.2249402441577604
2026-05-09 18:30:00,6363,6302.1504,60.849609375,60.849609375,0.9563037776991985
2026-05-09 19:00:00,6310,6283.831,26.1689453125,26.1689453125,0.4147217957606973
2026-05-09 19:30:00,6181,6153.799,27.201171875,27.201171875,0.4400772023135415
2026-05-09 20:00:00,6124,6066.523,57.47705078125,57.47705078125,0.9385540623979425
2026-05-09 20:30:00,6035,5974.4844,60.515625,60.515625,1.0027444076222036
2026-05-09 21:00:00,5924,5890.498,33.501953125,33.501953125,0.5655292559925725
2026-05-09 21:30:00,5814,5764.405,49.59521484375,49.59521484375,0.8530308710655314
2026-05-09 22:00:00,5665,5650.112,14.88818359375,14.88818359375,0.2628099486981465
2026-05-09 22:30:00,5500,5494.9966,5.00341796875,5.00341796875,0.09097123579545455
2026-05-09 23:00:00,5397,5343.775,53.22509765625,53.22509765625,0.9861978442884936
2026-05-09 23:30:00,5396,5387.247,8.7529296875,8.7529296875,0.16221144713676797
2026-05-10 00:00:00,5298,5278.3477,19.65234375,19.65234375,0.3709389156285391
2026-05-10 00:30:00,5159,5129.364,29.63623046875,29.63623046875,0.5744568805727854
2026-05-10 01:00:00,5010,4995.7524,14.24755859375,14.24755859375,0.28438240706087825
2026-05-10 01:30:00,4845,4842.8906,2.109375,2.109375,0.043537151702786374
2026-05-10 02:00:00,4706,4706.4487,-0.44873046875,0.44873046875,0.00953528407883553
2026-05-10 02:30:00,4574,4578.3984,-4.3984375,4.3984375,0.09616172933974639
2026-05-10 03:00:00,4474,4466.1064,7.8935546875,7.8935546875,0.17643170959991059
2026-05-10 03:30:00,4422,4422.732,-0.73193359375,0.73193359375,0.01655209393374039
2026-05-10 04:00:00,4370,4374.477,-4.47705078125,4.47705078125,0.10244967462814646
2026-05-10 04:30:00,4355,4388.8774,-33.87744140625,33.87744140625,0.7778976212686567
2026-05-10 05:00:00,4345,4376.611,-31.61083984375,31.61083984375,0.727522205840046
2026-05-10 05:30:00,4366,4396.3467,-30.3466796875,30.3466796875,0.695068247537792
2026-05-10 06:00:00,4461,4421.9683,39.03173828125,39.03173828125,0.8749549043095719
2026-05-10 06:30:00,4567,4598.804,-31.80419921875,31.80419921875,0.6963914871633458
2026-05-10 07:00:00,4729,4647.2065,81.79345703125,81.79345703125,1.7296142319993657
2026-05-10 07:30:00,4879,4843.5244,35.4755859375,35.4755859375,0.7271077257122361
2026-05-10 08:00:00,5011,4899.6704,111.32958984375,111.32958984375,2.2217040479694674
2026-05-10 08:30:00,5100,4955.909,144.0908203125,144.0908203125,2.8253102022058822
2026-05-10 09:00:00,5103,5001.524,101.47607421875,101.47607421875,1.9885572059327845
2026-05-10 09:30:00,5037,4967.734,69.26611328125,69.26611328125,1.3751461838644035
2026-05-10 10:00:00,4900,4914.9604,-14.96044921875,14.96044921875,0.3053152901785714
2026-05-10 10:30:00,4779,4774.6084,4.3916015625,4.3916015625,0.09189373430634025
2026-05-10 11:00:00,4676,4698.0493,-22.04931640625,22.04931640625,0.4715422670284431
2026-05-10 11:30:00,4753,4619.4956,133.50439453125,133.50439453125,2.808844824978961
2026-05-10 12:00:00,4615,4657.475,-42.47509765625,42.47509765625,0.920370480092091
2026-05-10 12:30:00,4509,4498.978,10.02197265625,10.02197265625,0.22226597152916389
2026-05-10 13:00:00,4350,4457.81,-107.81005859375,107.81005859375,2.4783921515804597
2026-05-10 13:30:00,4160,4255.1255,-95.12548828125,95.12548828125,2.286670391376202
2026-05-10 14:00:00,4072,4096.392,-24.39208984375,24.39208984375,0.5990198881078095
2026-05-10 14:30:00,4009,4021.086,-12.0859375,12.0859375,0.3014701297081567
2026-05-10 15:00:00,4117,4031.8027,85.197265625,85.197265625,2.0694016425795483
2026-05-10 15:30:00,4277,4289.988,-12.98779296875,12.98779296875,0.3036659567161562
2026-05-10 16:00:00,4592,4562.9946,29.00537109375,29.00537109375,0.6316500673726045
2026-05-10 16:30:00,5017,4987.749,29.2509765625,29.2509765625,0.5830372047538369
2026-05-10 17:00:00,5449,5390.2803,58.7197265625,58.7197265625,1.0776239046155258
2026-05-10 17:30:00,5816,5801.95,14.0498046875,14.0498046875,0.24157160741918846
2026-05-10 18:00:00,6192,6083.189,108.81103515625,108.81103515625,1.7572841595001616
2026-05-10 18:30:00,6296,6327.3306,-31.33056640625,31.33056640625,0.4976265312301461
2026-05-10 19:00:00,6280,6255.518,24.48193359375,24.48193359375,0.38983970690684716
2026-05-10 19:30:00,6225,6196.729,28.27099609375,28.27099609375,0.4541525476907631
2026-05-10 20:00:00,6170,6121.0845,48.91552734375,48.91552734375,0.7927962292341977
2026-05-10 20:30:00,6100,6009.0327,90.96728515625,90.96728515625,1.4912669697745902
2026-05-10 21:00:00,6018,5955.7866,62.21337890625,62.21337890625,1.0337882835867398
2026-05-10 21:30:00,5910,5832.511,77.48876953125,77.48876953125,1.3111466925761421
2026-05-10 22:00:00,5747,5711.711,35.2890625,35.2890625,0.6140431964503219
2026-05-10 22:30:00,5556,5550.8945,5.10546875,5.10546875,0.09189108621310295
2026-05-10 23:00:00,5395,5394.415,0.5849609375,0.5849609375,0.010842649443929564
2026-05-10 23:30:00,5416,5394.736,21.26416015625,21.26416015625,0.3926174327224889
2026-05-11 00:00:00,5355,5313.417,41.5830078125,41.5830078125,0.7765267565359477
2026-05-11 00:30:00,5189,5190.87,-1.8701171875,1.8701171875,0.03604003059356331
2026-05-11 01:00:00,5115,5024.6416,90.3583984375,90.3583984375,1.7665376038611926
2026-05-11 01:30:00,4966,4928.055,37.94482421875,37.94482421875,0.7640923120972614
2026-05-11 02:00:00,4832,4799.8076,32.1923828125,32.1923828125,0.6662330880070364
2026-05-11 02:30:00,4741,4723.0366,17.96337890625,17.96337890625,0.37889430302151444
2026-05-11 03:00:00,4620,4632.8403,-12.84033203125,12.84033203125,0.277929264745671
2026-05-11 03:30:00,4595,4579.2124,15.78759765625,15.78759765625,0.34358210350924917
2026-05-11 04:00:00,4586,4561.4526,24.54736328125,24.54736328125,0.5352674069177933
2026-05-11 04:30:00,4619,4663.161,-44.1611328125,44.1611328125,0.9560756183697771
2026-05-11 05:00:00,4720,4706.559,13.44091796875,13.44091796875,0.2847652112023305
2026-05-11 05:30:00,4955,4906.8213,48.1787109375,48.1787109375,0.9723251450554995
2026-05-11 06:00:00,5167,5214.5884,-47.58837890625,47.58837890625,0.921005978444939
2026-05-11 06:30:00,5648,5570.151,77.84912109375,77.84912109375,1.3783484612916075
2026-05-11 07:00:00,6222,6046.397,175.60302734375,175.60302734375,2.8222923070355193
2026-05-11 07:30:00,6759,6418.585,340.4150390625,340.4150390625,5.036470469928984
2026-05-11 08:00:00,6809,6717.429,91.57080078125,91.57080078125,1.3448494754185636
2026-05-11 08:30:00,6689,6477.2334,211.7666015625,211.7666015625,3.1658932809463294
2026-05-11 09:00:00,6610,6192.862,417.13818359375,417.13818359375,6.310713821388049
2026-05-11 09:30:00,6231,6221.2017,9.79833984375,9.79833984375,0.1572514820052961
2026-05-11 10:00:00,5724,5754.378,-30.3779296875,30.3779296875,0.5307115598794548
2026-05-11 10:30:00,5236,5291.7695,-55.76953125,55.76953125,1.0651170979755538
2026-05-11 11:00:00,4794,4850.356,-56.35595703125,56.35595703125,1.1755518779985399
2026-05-11 11:30:00,4573,4425.6484,147.3515625,147.3515625,3.222207795757708
2026-05-11 12:00:00,4335,4374.1655,-39.16552734375,39.16552734375,0.9034723724048442
2026-05-11 12:30:00,4177,4108.5566,68.443359375,68.443359375,1.6385769541536988
2026-05-11 13:00:00,4089,4075.134,13.865966796875,13.865966796875,0.33910410361640986
2026-05-11 13:30:00,4125,4039.8088,85.191162109375,85.191162109375,2.0652402935606062
2026-05-11 14:00:00,4218,4149.097,68.90283203125,68.90283203125,1.63354272240991
2026-05-11 14:30:00,4288,4258.4106,29.58935546875,29.58935546875,0.6900502674615205
2026-05-11 15:00:00,4496,4396.539,99.4609375,99.4609375,2.2122094639679712
2026-05-11 15:30:00,4778,4734.7334,43.2666015625,43.2666015625,0.9055379146609459
2026-05-11 16:00:00,5125,5169.274,-44.27392578125,44.27392578125,0.8638814786585366
2026-05-11 16:30:00,5620,5490.6313,129.36865234375,129.36865234375,2.3019333157250887
2026-05-11 17:00:00,6083,6054.6016,28.3984375,28.3984375,0.4668492109156666
2026-05-11 17:30:00,6467,6382.233,84.76708984375,84.76708984375,1.3107637211032936
2026-05-11 18:00:00,6851,6819.6133,31.38671875,31.38671875,0.4581333929353379
2026-05-11 18:30:00,6961,7004.165,-43.1650390625,43.1650390625,0.6200982482761097
2026-05-11 19:00:00,6886,6912.8784,-26.87841796875,26.87841796875,0.390334271983009
2026-05-11 19:30:00,6795,6812.8496,-17.849609375,17.849609375,0.2626874080206034
2026-05-11 20:00:00,6673,6570.689,102.31103515625,102.31103515625,1.5332089788138767
2026-05-11 20:30:00,6528,6460.033,67.966796875,67.966796875,1.0411580403645835
2026-05-11 21:00:00,6391,6298.878,92.1220703125,92.1220703125,1.4414343657095916
2026-05-11 21:30:00,6224,6141.064,82.93603515625,82.93603515625,1.3325198450554305
2026-05-11 22:00:00,5959,5931.77,27.22998046875,27.22998046875,0.45695553731750294
2026-05-11 22:30:00,5722,5716.111,5.88916015625,5.88916015625,0.10292135889986018
2026-05-11 23:00:00,5490,5493.0024,-3.00244140625,3.00244140625,0.05468927880236794
2026-05-11 23:30:00,5521,5448.6704,72.32958984375,72.32958984375,1.3100813230166637
2026-05-12 00:00:00,5401,5390.572,10.42822265625,10.42822265625,0.1930794789159415
2026-05-12 00:30:00,5251,5231.195,19.80517578125,19.80517578125,0.3771696016235003
2026-05-12 01:00:00,5115,5114.176,0.82421875,0.82421875,0.016113758553274682
2026-05-12 01:30:00,4988,4968.825,19.1748046875,19.1748046875,0.3844186986267041
2026-05-12 02:00:00,4801,4854.922,-53.921875,53.921875,1.1231384086648615
2026-05-12 02:30:00,4745,4721.552,23.4482421875,23.4482421875,0.49416738013698636
2026-05-12 03:00:00,4649,4642.256,6.744140625,6.744140625,0.14506647935039793
2026-05-12 03:30:00,4645,4647.8857,-2.8857421875,2.8857421875,0.062125773681377824
2026-05-12 04:00:00,4647,4646.13,0.8701171875,0.8701171875,0.018724277759845063
2026-05-12 04:30:00,4689,4707.3384,-18.33837890625,18.33837890625,0.39109360004798466
2026-05-12 05:00:00,4756,4747.7583,8.24169921875,8.24169921875,0.17329056389297728
2026-05-12 05:30:00,4968,4888.0005,79.99951171875,79.99951171875,1.6102961296044684
2026-05-12 06:00:00,5203,5166.706,36.2939453125,36.2939453125,0.6975580494426292
2026-05-12 06:30:00,5649,5649.984,-0.98388671875,0.98388671875,0.01741700688174898
2026-05-12 07:00:00,6161,6039.166,121.833984375,121.833984375,1.977503398393118
2026-05-12 07:30:00,6636,6392.7256,243.2744140625,243.2744140625,3.665979717638638
2026-05-12 08:00:00,6756,6705.4414,50.55859375,50.55859375,0.748351002812315
2026-05-12 08:30:00,6524,6546.984,-22.98388671875,22.98388671875,0.35229746656575717
2026-05-12 09:00:00,6262,6106.8647,155.13525390625,155.13525390625,2.4774074402147876
2026-05-12 09:30:00,6007,5930.412,76.587890625,76.587890625,1.27497737015149
2026-05-12 10:00:00,5523,5619.337,-96.3369140625,96.3369140625,1.74428596890277
2026-05-12 10:30:00,5062,5131.8057,-69.8056640625,69.8056640625,1.3790135136803634
2026-05-12 11:00:00,4671,4691.2437,-20.24365234375,20.24365234375,0.43339011654356674
2026-05-12 11:30:00,4503,4379.88,123.1201171875,123.1201171875,2.7341798176215857
2026-05-12 12:00:00,4316,4318.2476,-2.24755859375,2.24755859375,0.05207503692655236
2026-05-12 12:30:00,4182,4184.1865,-2.1865234375,2.1865234375,0.05228415680296509
2026-05-12 13:00:00,4109,4106.7925,2.20751953125,2.20751953125,0.053724009035045026
2026-05-12 13:30:00,4118,4092.3037,25.6962890625,25.6962890625,0.6239992487251093
2026-05-12 14:00:00,4162,4171.853,-9.85302734375,9.85302734375,0.23673780258889957
2026-05-12 14:30:00,4271,4205.208,65.7919921875,65.7919921875,1.5404353122804963
2026-05-12 15:00:00,4479,4402.4087,76.59130859375,76.59130859375,1.7100091224324627
2026-05-12 15:30:00,4675,4754.9263,-79.92626953125,79.92626953125,1.709652824197861
2026-05-12 16:00:00,5121,5061.7124,59.28759765625,59.28759765625,1.1577347716510447
2026-05-12 16:30:00,5579,5507.425,71.5751953125,71.5751953125,1.2829395108890482
2026-05-12 17:00:00,5965,5960.8955,4.1044921875,4.1044921875,0.06880959241408215
2026-05-12 17:30:00,6345,6334.3833,10.61669921875,10.61669921875,0.16732386475571318
2026-05-12 18:00:00,6667,6633.2256,33.7744140625,33.7744140625,0.5065908813934303
2026-05-12 18:30:00,6719,6792.3164,-73.31640625,73.31640625,1.0911803281738355
2026-05-12 19:00:00,6697,6626.9077,70.09228515625,70.09228515625,1.0466221465768255
2026-05-12 19:30:00,6575,6566.477,8.52294921875,8.52294921875,0.12962660408745247
2026-05-12 20:00:00,6471,6421.4766,49.5234375,49.5234375,0.7653135141400093
2026-05-12 20:30:00,6299,6303.9287,-4.9287109375,4.9287109375,0.07824592693284647
2026-05-12 21:00:00,6181,6127.027,53.97314453125,53.97314453125,0.8732105570498302
2026-05-12 21:30:00,6034,5936.185,97.81494140625,97.81494140625,1.6210629997721246
2026-05-12 22:00:00,5824,5802.336,21.6640625,21.6640625,0.37197909512362637
2026-05-12 22:30:00,5601,5603.726,-2.72607421875,2.72607421875,0.04867120547670059
2026-05-12 23:00:00,5413,5413.3057,-0.3056640625,0.3056640625,0.005646851330131165
2026-05-12 23:30:00,5402,5403.627,-1.626953125,1.626953125,0.030117606904850054
2026-05-13 00:00:00,5297,5290.9785,6.021484375,6.021484375,0.11367725835378516
2026-05-13 00:30:00,5149,5139.913,9.0869140625,9.0869140625,0.17647920105845794
2026-05-13 01:00:00,5006,4995.3687,10.63134765625,10.63134765625,0.2123721065970835
2026-05-13 01:30:00,4880,4856.9985,23.00146484375,23.00146484375,0.4713414926997951
2026-05-13 02:00:00,4727,4756.564,-29.56396484375,29.56396484375,0.6254276463666173
2026-05-13 02:30:00,4626,4638.6724,-12.67236328125,12.67236328125,0.27393781412127105
2026-05-13 03:00:00,4552,4542.0737,9.92626953125,9.92626953125,0.21806391764608965
2026-05-13 03:30:00,4526,4541.6855,-15.685546875,15.685546875,0.3465653308661069
2026-05-13 04:00:00,4503,4516.244,-13.244140625,13.244140625,0.2941181573395514
2026-05-13 04:30:00,4546,4567.214,-21.2138671875,21.2138671875,0.46664908023537177
2026-05-13 05:00:00,4629,4615.059,13.94091796875,13.94091796875,0.3011647865359689
2026-05-13 05:30:00,4820,4790.5645,29.435546875,29.435546875,0.6106959932572614
2026-05-13 06:00:00,5057,5034.787,22.212890625,22.212890625,0.43925035841407944
2026-05-13 06:30:00,5511,5427.8022,83.19775390625,83.19775390625,1.5096671004581745
2026-05-13 07:00:00,6011,5835.9297,175.0703125,175.0703125,2.912498960239561
2026-05-13 07:30:00,6434,6177.599,256.40087890625,256.40087890625,3.985092926736867
2026-05-13 08:00:00,6706,6461.1333,244.86669921875,244.86669921875,3.6514568926148225
2026-05-13 08:30:00,6484,6547.91,-63.91015625,63.91015625,0.9856594116286242
2026-05-13 09:00:00,6137,6056.354,80.64599609375,80.64599609375,1.3140947709589375
2026-05-13 09:30:00,5845,5802.2544,42.74560546875,42.74560546875,0.7313191696963216
2026-05-13 10:00:00,5431,5494.7075,-63.70751953125,63.70751953125,1.1730347915899466
2026-05-13 10:30:00,5096,5034.1714,61.82861328125,61.82861328125,1.2132773406838697
2026-05-13 11:00:00,4809,4852.2197,-43.2197265625,43.2197265625,0.898725859066334
2026-05-13 11:30:00,4653,4599.524,53.47607421875,53.47607421875,1.1492816294594885
2026-05-13 12:00:00,4420,4537.9155,-117.91552734375,117.91552734375,2.6677721118495477
2026-05-13 12:30:00,4256,4351.8057,-95.8056640625,95.8056640625,2.251072933799342
2026-05-13 13:00:00,4102,4174.5996,-72.599609375,72.599609375,1.7698588341053145
2026-05-13 13:30:00,4143,4078.6248,64.375244140625,64.375244140625,1.5538316229936038
2026-05-13 14:00:00,4247,4156.2363,90.763671875,90.763671875,2.137124367200377
2026-05-13 14:30:00,4343,4336.3896,6.6103515625,6.6103515625,0.15220703574717936
2026-05-13 15:00:00,4527,4476.1055,50.89453125,50.89453125,1.124244118621604
2026-05-13 15:30:00,4785,4772.3296,12.67041015625,12.67041015625,0.26479436063218387
2026-05-13 16:00:00,5188,5141.6006,46.3994140625,46.3994140625,0.894360332739013
2026-05-13 16:30:00,5620,5561.0083,58.99169921875,58.99169921875,1.0496743633229537
2026-05-13 17:00:00,6039,5987.1143,51.8857421875,51.8857421875,0.8591777146464646
2026-05-13 17:30:00,6392,6360.1426,31.857421875,31.857421875,0.49839521081038796
2026-05-13 18:00:00,6666,6647.873,18.126953125,18.126953125,0.2719314900240024
2026-05-13 18:30:00,6697,6785.0337,-88.03369140625,88.03369140625,1.314524285594296
2026-05-13 19:00:00,6668,6651.992,16.0078125,16.0078125,0.24006917366526692
2026-05-13 19:30:00,6536,6591.508,-55.5078125,55.5078125,0.8492627371481027
2026-05-13 20:00:00,6456,6442.5234,13.4765625,13.4765625,0.2087447723048327
2026-05-13 20:30:00,6305,6299.529,5.47119140625,5.47119140625,0.08677543863996827
2026-05-13 21:00:00,6209,6114.362,94.63818359375,94.63818359375,1.5242097534828474
2026-05-13 21:30:00,6052,5939.767,112.23291015625,112.23291015625,1.8544763740292465
2026-05-13 22:00:00,5868,5826.651,41.34912109375,41.34912109375,0.7046544153672462
2026-05-13 22:30:00,5647,5642.736,4.26416015625,4.26416015625,0.07551195601646893
2026-05-13 23:00:00,5479,5456.911,22.0888671875,22.0888671875,0.40315508646650855
2026-05-13 23:30:00,5451,5456.022,-5.02197265625,5.02197265625,0.09212938279673454
2026-05-14 00:00:00,5388,5314.45,73.5498046875,73.5498046875,1.3650669021436526
2026-05-14 00:30:00,5238,5223.826,14.173828125,14.173828125,0.27059618413516606
2026-05-14 01:00:00,5089,5070.837,18.1630859375,18.1630859375,0.3569087431224209
2026-05-14 01:30:00,4959,4919.4893,39.5107421875,39.5107421875,0.7967481788162936
2026-05-14 02:00:00,4819,4804.9023,14.09765625,14.09765625,0.2925431884208342
2026-05-14 02:30:00,4685,4712.7393,-27.7392578125,27.7392578125,0.5920866128601922
2026-05-14 03:00:00,4666,4610.658,55.341796875,55.341796875,1.1860650851907415
2026-05-14 03:30:00,4605,4643.74,-38.740234375,38.740234375,0.8412645901194353
2026-05-14 04:00:00,4599,4602.636,-3.63623046875,3.63623046875,0.07906567664166123
2026-05-14 04:30:00,4647,4665.98,-18.97998046875,18.97998046875,0.4084351295190446
2026-05-14 05:00:00,4726,4741.9873,-15.9873046875,15.9873046875,0.3382840602517985
2026-05-14 05:30:00,4913,4977.955,-64.955078125,64.955078125,1.3221062105638104
2026-05-14 06:00:00,5177,5165.8267,11.17333984375,11.17333984375,0.21582653744929495
2026-05-14 06:30:00,5589,5619.741,-30.7412109375,30.7412109375,0.550030612587225
2026-05-14 07:00:00,6135,5995.5234,139.4765625,139.4765625,2.2734566014669926
2026-05-14 07:30:00,6580,6516.263,63.73681640625,63.73681640625,0.9686446262348025
2026-05-14 08:00:00,6575,6775.493,-200.4931640625,200.4931640625,3.049325689163498
2026-05-14 08:30:00,6357,6574.863,-217.86279296875,217.86279296875,3.427132184501337
2026-05-14 09:00:00,6190,5956.0,234.0,234.0,3.7802907915993536
2026-05-14 09:30:00,6020,5845.2036,174.79638671875,174.79638671875,2.9035944637666113
2026-05-14 10:00:00,5627,5610.343,16.6572265625,16.6572265625,0.29602321952194777
2026-05-14 10:30:00,5412,5258.2593,153.74072265625,153.74072265625,2.8407376691842203
2026-05-14 11:00:00,5271,5113.553,157.44677734375,157.44677734375,2.987038082787896
2026-05-14 11:30:00,5145,5074.534,70.4658203125,70.4658203125,1.3695980624392614
2026-05-14 12:00:00,4918,4968.0957,-50.095703125,50.095703125,1.0186194210044734
2026-05-14 12:30:00,4617,4792.1255,-175.12548828125,175.12548828125,3.7930580091238895
2026-05-14 13:00:00,4432,4519.5273,-87.52734375,87.52734375,1.9748949402075813
2026-05-14 13:30:00,4399,4347.0215,51.978515625,51.978515625,1.1815984456694704
2026-05-14 14:00:00,4460,4379.1772,80.82275390625,80.82275390625,1.8121693700952914
2026-05-14 14:30:00,4534,4522.7383,11.26171875,11.26171875,0.24838373952359946
2026-05-14 15:00:00,4801,4666.427,134.5732421875,134.5732421875,2.8030252486461156
2026-05-14 15:30:00,4957,5038.0757,-81.07568359375,81.07568359375,1.635579656924551
2026-05-14 16:00:00,5258,5258.628,-0.6279296875,0.6279296875,0.011942367582731076
2026-05-14 16:30:00,5625,5677.3438,-52.34375,52.34375,0.9305555555555555
2026-05-14 17:00:00,5955,6080.8574,-125.857421875,125.857421875,2.113474758606213
2026-05-14 17:30:00,6299,6290.784,8.2158203125,8.2158203125,0.13043054949198285
2026-05-14 18:00:00,6616,6587.6074,28.392578125,28.392578125,0.4291502134975816
2026-05-14 18:30:00,6686,6783.5264,-97.5263671875,97.5263671875,1.4586653782156744
2026-05-14 19:00:00,6621,6673.2173,-52.21728515625,52.21728515625,0.7886616093679202
2026-05-14 19:30:00,6541,6521.4004,19.599609375,19.599609375,0.2996423998624064
2026-05-14 20:00:00,6465,6448.735,16.26513671875,16.26513671875,0.2515875749226605
2026-05-14 20:30:00,6314,6383.843,-69.8427734375,69.8427734375,1.1061573240022171
2026-05-14 21:00:00,6219,6221.682,-2.68212890625,2.68212890625,0.043127977267245536
2026-05-14 21:30:00,6036,6100.706,-64.7060546875,64.7060546875,1.0720022314032471
2026-05-14 22:00:00,5834,5885.533,-51.533203125,51.533203125,0.8833253878128213
2026-05-14 22:30:00,5646,5621.547,24.453125,24.453125,0.43310529578462625
2026-05-14 23:00:00,5453,5468.154,-15.15380859375,15.15380859375,0.277898562144691
2026-05-14 23:30:00,5429,5414.4297,14.5703125,14.5703125,0.2683793055811383
2026-05-15 00:00:00,5370,5307.582,62.41796875,62.41796875,1.1623457867783986
2026-05-15 00:30:00,5223,5187.7217,35.2783203125,35.2783203125,0.6754417061554662
2026-05-15 01:00:00,5080,5035.51,44.490234375,44.490234375,0.8757920152559054
2026-05-15 01:30:00,4967,4949.3354,17.66455078125,17.66455078125,0.35563822792933364
2026-05-15 02:00:00,4825,4823.96,1.0400390625,1.0400390625,0.02155521373056995
2026-05-15 02:30:00,4731,4724.488,6.51220703125,6.51220703125,0.13764969417142253
2026-05-15 03:00:00,4665,4646.5063,18.49365234375,18.49365234375,0.39643413384244375
2026-05-15 03:30:00,4628,4636.7207,-8.720703125,8.720703125,0.1884335160976664
2026-05-15 04:00:00,4583,4587.9297,-4.9296875,4.9296875,0.10756464106480472
2026-05-15 04:30:00,4614,4632.0166,-18.0166015625,18.0166015625,0.3904768435739055
2026-05-15 05:00:00,4675,4667.7256,7.2744140625,7.2744140625,0.15560243983957217
2026-05-15 05:30:00,4855,4814.463,40.537109375,40.537109375,0.8349559088568486
2026-05-15 06:00:00,5071,5091.3545,-20.3544921875,20.3544921875,0.4013901042693749
2026-05-15 06:30:00,5471,5410.5293,60.470703125,60.470703125,1.1052952499543045
2026-05-15 07:00:00,5917,5757.159,159.8408203125,159.8408203125,2.7013828006168668
2026-05-15 07:30:00,6334,6200.965,133.03515625,133.03515625,2.10033401089359
2026-05-15 08:00:00,6528,6514.5986,13.4013671875,13.4013671875,0.2052905512791054
2026-05-15 08:30:00,6370,6512.655,-142.65478515625,142.65478515625,2.2394785738814758
2026-05-15 09:00:00,5944,5966.4946,-22.49462890625,22.49462890625,0.378442612823856
2026-05-15 09:30:00,5570,5611.5093,-41.50927734375,41.50927734375,0.7452293957585278
2026-05-15 10:00:00,5129,5149.999,-20.9990234375,20.9990234375,0.40941749731916555
2026-05-15 10:30:00,4816,4801.6265,14.37353515625,14.37353515625,0.29845380307828073
2026-05-15 11:00:00,4522,4529.018,-7.01806640625,7.01806640625,0.1551982840833702
2026-05-15 11:30:00,4325,4286.1934,38.806640625,38.806640625,0.8972633670520233
2026-05-15 12:00:00,4117,4163.624,-46.6240234375,46.6240234375,1.1324756725163956
2026-05-15 12:30:00,3990,4011.7688,-21.768798828125,21.768798828125,0.5455839305294486
2026-05-15 13:00:00,3950,3888.6294,61.37060546875,61.37060546875,1.5536862143987342
2026-05-15 13:30:00,3966,3983.4639,-17.4638671875,17.4638671875,0.44033956599848717
2026-05-15 14:00:00,4046,4034.3474,11.652587890625,11.652587890625,0.2880026665997281
2026-05-15 14:30:00,4132,4095.9055,36.094482421875,36.094482421875,0.87353539259136
2026-05-15 15:00:00,4413,4222.9067,190.09326171875,190.09326171875,4.307574478104463
2026-05-15 15:30:00,4699,4666.339,32.6611328125,32.6611328125,0.6950656057139817
2026-05-15 16:00:00,5073,5117.507,-44.5068359375,44.5068359375,0.8773277338359945
2026-05-15 16:30:00,5471,5450.557,20.44287109375,20.44287109375,0.3736587661076586
2026-05-15 17:00:00,5763,5864.689,-101.68896484375,101.68896484375,1.764514399509804
2026-05-15 17:30:00,6014,6095.244,-81.244140625,81.244140625,1.3509168710508814
2026-05-15 18:00:00,6235,6254.5635,-19.5634765625,19.5634765625,0.3137686698075381
2026-05-15 18:30:00,6297,6352.855,-55.85498046875,55.85498046875,0.8870093769850722
2026-05-15 19:00:00,6247,6294.4414,-47.44140625,47.44140625,0.7594270249719866
2026-05-15 19:30:00,6105,6205.212,-100.2119140625,100.2119140625,1.6414727938165439
2026-05-15 20:00:00,6028,6101.8296,-73.82958984375,73.82958984375,1.2247775355632051
2026-05-15 20:30:00,5933,5949.1196,-16.11962890625,16.11962890625,0.27169440259986516
2026-05-15 21:00:00,5826,5799.1133,26.88671875,26.88671875,0.4614953441469276
2026-05-15 21:30:00,5701,5703.853,-2.85302734375,2.85302734375,0.05004433158656376
2026-05-15 22:00:00,5587,5551.7954,35.20458984375,35.20458984375,0.6301161597234652
2026-05-15 22:30:00,5457,5415.06,41.93994140625,41.93994140625,0.7685530768966465
2026-05-15 23:00:00,5302,5315.6025,-13.6025390625,13.6025390625,0.25655486726706905
2026-05-15 23:30:00,5355,5305.3716,49.62841796875,49.62841796875,0.9267678425536882
2026-05-16 00:00:00,5275,5252.208,22.7919921875,22.7919921875,0.4320756812796208
2026-05-16 00:30:00,5108,5106.5527,1.447265625,1.447265625,0.028333312940485515
2026-05-16 01:00:00,4973,4946.5376,26.46240234375,26.46240234375,0.5321215029911521
2026-05-16 01:30:00,4816,4802.169,13.8310546875,13.8310546875,0.2871896737437708
2026-05-16 02:00:00,4684,4672.172,11.828125,11.828125,0.2525218830059778
2026-05-16 02:30:00,4612,4567.5444,44.45556640625,44.45556640625,0.9639108067270166
2026-05-16 03:00:00,4530,4498.9736,31.0263671875,31.0263671875,0.6849087679359823
2026-05-16 03:30:00,4446,4460.3867,-14.38671875,14.38671875,0.3235879161043635
2026-05-16 04:00:00,4421,4388.4736,32.5263671875,32.5263671875,0.7357242069102014
2026-05-16 04:30:00,4437,4418.1055,18.89453125,18.89453125,0.4258402355194951
2026-05-16 05:00:00,4439,4431.5664,7.43359375,7.43359375,0.16746099909889617
2026-05-16 05:30:00,4476,4475.546,0.4541015625,0.4541015625,0.0101452538538874
2026-05-16 06:00:00,4554,4553.3916,0.6083984375,0.6083984375,0.013359649483970138
2026-05-16 06:30:00,4694,4645.0,49.0,49.0,1.043885811674478
2026-05-16 07:00:00,4856,4810.532,45.4677734375,45.4677734375,0.9363215287788303
2026-05-16 07:30:00,5022,4945.5796,76.42041015625,76.42041015625,1.5217126673884906
2026-05-16 08:00:00,5075,5076.743,-1.7431640625,1.7431640625,0.03434806034482758
2026-05-16 08:30:00,5089,5022.8286,66.17138671875,66.17138671875,1.3002827022745138
2026-05-16 09:00:00,4911,4947.1216,-36.12158203125,36.12158203125,0.7355239672419059
2026-05-16 09:30:00,4709,4764.2773,-55.27734375,55.27734375,1.173865868549586
2026-05-16 10:00:00,4401,4539.4546,-138.45458984375,138.45458984375,3.145980228215178
2026-05-16 10:30:00,4151,4176.299,-25.298828125,25.298828125,0.6094634576005782
2026-05-16 11:00:00,3953,3929.084,23.916015625,23.916015625,0.6050092493043258
2026-05-16 11:30:00,3948,3784.4758,163.524169921875,163.524169921875,4.14194959275266
2026-05-16 12:00:00,3814,3811.4456,2.554443359375,2.554443359375,0.0669754420391977
2026-05-16 12:30:00,3788,3731.1128,56.88720703125,56.88720703125,1.5017742088503168
2026-05-16 13:00:00,3761,3679.486,81.513916015625,81.513916015625,2.167346876246344
2026-05-16 13:30:00,3728,3736.737,-8.737060546875,8.737060546875,0.23436321209428645
2026-05-16 14:00:00,3845,3724.6118,120.38818359375,120.38818359375,3.131032083062419
2026-05-16 14:30:00,3879,3870.3855,8.614501953125,8.614501953125,0.22208048345256512
2026-05-16 15:00:00,4143,4051.1687,91.831298828125,91.831298828125,2.2165411254676566
2026-05-16 15:30:00,4435,4441.166,-6.166015625,6.166015625,0.13903079199549043
2026-05-16 16:00:00,4742,4733.7563,8.24365234375,8.24365234375,0.17384336448228596
2026-05-16 16:30:00,5008,5072.019,-64.01904296875,64.01904296875,1.2783355225389377
2026-05-16 17:00:00,5277,5341.7944,-64.79443359375,64.79443359375,1.227864953453667
2026-05-16 17:30:00,5496,5583.9673,-87.96728515625,87.96728515625,1.6005692350118266
2026-05-16 18:00:00,5705,5780.9146,-75.91455078125,75.91455078125,1.3306669725021911
2026-05-16 18:30:00,5683,5859.0254,-176.025390625,176.025390625,3.097402615256027
2026-05-16 19:00:00,5599,5676.303,-77.30322265625,77.30322265625,1.380661236939632
2026-05-16 19:30:00,5520,5530.1187,-10.11865234375,10.11865234375,0.18330891927083334
2026-05-16 20:00:00,5460,5466.291,-6.291015625,6.291015625,0.11522006639194139
2026-05-16 20:30:00,5351,5369.2344,-18.234375,18.234375,0.340765744720613
2026-05-16 21:00:00,5286,5254.5137,31.486328125,31.486328125,0.5956550912788499
2026-05-16 21:30:00,5202,5146.9404,55.0595703125,55.0595703125,1.0584308018550557
2026-05-16 22:00:00,5124,5064.117,59.8828125,59.8828125,1.168673155737705
2026-05-16 22:30:00,5050,5010.7183,39.28173828125,39.28173828125,0.7778562035891089
2026-05-16 23:00:00,4958,4945.4346,12.5654296875,12.5654296875,0.2534374684852763
2026-05-16 23:30:00,5036,5061.864,-25.86376953125,25.86376953125,0.5135776316769262
2026-05-17 00:00:00,4968,4996.6143,-28.6142578125,28.6142578125,0.5759713730374396
2026-05-17 00:30:00,4874,4818.088,55.912109375,55.912109375,1.1471503770004103
2026-05-17 01:00:00,4736,4722.283,13.716796875,13.716796875,0.28962831239442566
2026-05-17 01:30:00,4613,4615.7812,-2.78125,2.78125,0.060291567309776715
2026-05-17 02:00:00,4469,4490.6787,-21.6787109375,21.6787109375,0.4850908690422913
2026-05-17 02:30:00,4343,4384.7607,-41.7607421875,41.7607421875,0.9615644068040524
2026-05-17 03:00:00,4251,4273.3887,-22.388671875,22.388671875,0.5266683574453069
2026-05-17 03:30:00,4209,4211.9233,-2.92333984375,2.92333984375,0.06945449854478498
2026-05-17 04:00:00,4203,4181.861,21.13916015625,21.13916015625,0.5029540841363312
2026-05-17 04:30:00,4180,4257.138,-77.13818359375,77.13818359375,1.8454110907595693
2026-05-17 05:00:00,4185,4231.121,-46.12109375,46.12109375,1.1020571983273597
2026-05-17 05:30:00,4198,4270.1694,-72.16943359375,72.16943359375,1.7191384848439732
2026-05-17 06:00:00,4284,4255.919,28.0810546875,28.0810546875,0.6554868040966386
2026-05-17 06:30:00,4359,4375.395,-16.39501953125,16.39501953125,0.3761188238414774
2026-05-17 07:00:00,4493,4454.6304,38.36962890625,38.36962890625,0.853986844118629
2026-05-17 07:30:00,4583,4619.5063,-36.50634765625,36.50634765625,0.7965600623227144
2026-05-17 08:00:00,4784,4686.47,97.52978515625,97.52978515625,2.038666077680811
2026-05-17 08:30:00,4918,4891.7056,26.29443359375,26.29443359375,0.5346570474532331
2026-05-17 09:00:00,5003,4994.3086,8.69140625,8.69140625,0.17372389066560065
2026-05-17 09:30:00,5057,5034.9565,22.04345703125,22.04345703125,0.43589988197053586
2026-05-17 10:00:00,5014,4988.928,25.07177734375,25.07177734375,0.5000354476216593
2026-05-17 10:30:00,4954,4934.248,19.751953125,19.751953125,0.3987071684497375
2026-05-17 11:00:00,4992,4862.91,129.08984375,129.08984375,2.5859343699919872
2026-05-17 11:30:00,5187,4928.6514,258.3486328125,258.3486328125,4.980694675390399
2026-05-17 12:00:00,5251,5176.3247,74.67529296875,74.67529296875,1.4221156535659873
2026-05-17 12:30:00,5248,5392.0684,-144.068359375,144.068359375,2.745205018578506
2026-05-17 13:00:00,5152,5293.927,-141.9267578125,141.9267578125,2.754789553814053
2026-05-17 13:30:00,5190,5007.0557,182.9443359375,182.9443359375,3.5249390354046244
2026-05-17 14:00:00,5218,5074.544,143.4560546875,143.4560546875,2.7492536352529706
2026-05-17 14:30:00,5248,5200.797,47.203125,47.203125,0.8994497903963415
2026-05-17 15:00:00,5320,5294.3984,25.6015625,25.6015625,0.48123237781954886
2026-05-17 15:30:00,5296,5368.308,-72.30810546875,72.30810546875,1.3653343177634063
2026-05-17 16:00:00,5353,5355.6577,-2.65771484375,2.65771484375,0.04964907236596301
2026-05-17 16:30:00,5559,5439.7715,119.228515625,119.228515625,2.1447835154704085
2026-05-17 17:00:00,5817,5711.3306,105.66943359375,105.66943359375,1.816562379125838
2026-05-17 17:30:00,6091,5943.0723,147.927734375,147.927734375,2.4286280475291413
2026-05-17 18:00:00,6357,6248.408,108.591796875,108.591796875,1.7082239558754129
2026-05-17 18:30:00,6355,6294.8643,60.1357421875,60.1357421875,0.9462744640047207
2026-05-17 19:00:00,6247,6234.6816,12.318359375,12.318359375,0.19718840043220745
2026-05-17 19:30:00,6109,6131.5435,-22.54345703125,22.54345703125,0.36902041301767885
2026-05-17 20:00:00,5984,6014.7593,-30.75927734375,30.75927734375,0.5140253566803141
2026-05-17 20:30:00,5844,5787.259,56.7412109375,56.7412109375,0.9709310564253936
2026-05-17 21:00:00,5700,5659.536,40.4638671875,40.4638671875,0.7098924067982456
2026-05-17 21:30:00,5582,5512.326,69.673828125,69.673828125,1.2481875335901111
2026-05-17 22:00:00,5380,5387.8936,-7.8935546875,7.8935546875,0.14672034735130113
2026-05-17 22:30:00,5217,5199.944,17.05615234375,17.05615234375,0.32693410664654016
2026-05-17 23:00:00,5092,5068.418,23.58203125,23.58203125,0.46311923114689707
2026-05-17 23:30:00,5131,5159.3843,-28.38427734375,28.38427734375,0.553191918607484
2026-05-18 00:00:00,5055,5084.619,-29.619140625,29.619140625,0.5859375
2026-05-18 00:30:00,4940,4893.472,46.52783203125,46.52783203125,0.9418589480010122
2026-05-18 01:00:00,4804,4810.952,-6.9521484375,6.9521484375,0.1447158292568693
2026-05-18 01:30:00,4678,4687.9272,-9.92724609375,9.92724609375,0.21221133163210776
2026-05-18 02:00:00,4543,4563.7466,-20.74658203125,20.74658203125,0.4566714072474136
2026-05-18 02:30:00,4467,4461.9785,5.021484375,5.021484375,0.11241290295500336
2026-05-18 03:00:00,4380,4408.135,-28.134765625,28.134765625,0.6423462471461188
2026-05-18 03:30:00,4347,4367.392,-20.39208984375,20.39208984375,0.469107196773637
2026-05-18 04:00:00,4351,4359.9385,-8.9384765625,8.9384765625,0.2054349933923236
2026-05-18 04:30:00,4346,4438.1943,-92.1943359375,92.1943359375,2.121360698055683
2026-05-18 05:00:00,4400,4440.2563,-40.25634765625,40.25634765625,0.9149169921875
2026-05-18 05:30:00,4570,4586.562,-16.56201171875,16.56201171875,0.3624072586159737
2026-05-18 06:00:00,4770,4777.9077,-7.90771484375,7.90771484375,0.16578018540356396
2026-05-18 06:30:00,5069,5072.3843,-3.38427734375,3.38427734375,0.06676420090254488
2026-05-18 07:00:00,5485,5328.0933,156.90673828125,156.90673828125,2.860651563924339
2026-05-18 07:30:00,5932,5721.0557,210.9443359375,210.9443359375,3.5560407271999326
2026-05-18 08:00:00,6162,6043.8394,118.16064453125,118.16064453125,1.917569693788543
2026-05-18 08:30:00,6222,6168.2173,53.78271484375,53.78271484375,0.8643959312720989
2026-05-18 09:00:00,6137,6202.448,-65.4482421875,65.4482421875,1.0664533515968715
2026-05-18 09:30:00,6025,5943.366,81.6337890625,81.6337890625,1.3549176607883817
2026-05-18 10:00:00,5946,5834.156,111.84423828125,111.84423828125,1.8809996347334341
2026-05-18 10:30:00,5904,5766.6807,137.3193359375,137.3193359375,2.3258695111365175
2026-05-18 11:00:00,5903,5701.7856,201.21435546875,201.21435546875,3.4086795776511942
2026-05-18 11:30:00,6048,5767.5864,280.41357421875,280.41357421875,4.636467827690972
2026-05-18 12:00:00,6067,5998.611,68.38916015625,68.38916015625,1.127231912910005
2026-05-18 12:30:00,6019,6002.622,16.3779296875,16.3779296875,0.27210383265492605
2026-05-18 13:00:00,6110,5958.1406,151.859375,151.859375,2.4854234860883797
2026-05-18 13:30:00,6122,6015.326,106.673828125,106.673828125,1.7424669736197322
2026-05-18 14:00:00,6125,6035.908,89.091796875,89.091796875,1.454559948979592
2026-05-18 14:30:00,5967,6058.322,-91.32177734375,91.32177734375,1.5304470813432212
2026-05-18 15:00:00,6025,5949.58,75.419921875,75.419921875,1.2517829356846473
2026-05-18 15:30:00,6086,6024.456,61.5439453125,61.5439453125,1.0112380103927046
2026-05-18 16:00:00,6181,6127.8125,53.1875,53.1875,0.8604999191069406
2026-05-18 16:30:00,6358,6246.119,111.880859375,111.880859375,1.759686369534445
2026-05-18 17:00:00,6534,6448.669,85.3310546875,85.3310546875,1.3059543111034588
2026-05-18 17:30:00,6830,6686.6772,143.32275390625,143.32275390625,2.0984297790080526
2026-05-18 18:00:00,7036,7005.707,30.29296875,30.29296875,0.43054247797043776
2026-05-18 18:30:00,7049,6946.3867,102.61328125,102.61328125,1.4557140197191092
2026-05-18 19:00:00,6959,6944.701,14.298828125,14.298828125,0.2054724547348757
2026-05-18 19:30:00,6794,6863.384,-69.3837890625,69.3837890625,1.0212509429275831
2026-05-18 20:00:00,6619,6586.535,32.46484375,32.46484375,0.49047958528478625
2026-05-18 20:30:00,6463,6421.6045,41.3955078125,41.3955078125,0.6404998887900356
2026-05-18 21:00:00,6288,6244.673,43.3271484375,43.3271484375,0.6890449815124046
2026-05-18 21:30:00,6086,6092.9976,-6.99755859375,6.99755859375,0.11497795914804469
2026-05-18 22:00:00,5849,5838.805,10.19482421875,10.19482421875,0.17430029438792957
2026-05-18 22:30:00,5643,5607.382,35.6181640625,35.6181640625,0.6311919911837675
2026-05-18 23:00:00,5442,5452.5674,-10.5673828125,10.5673828125,0.19418197009371554
2026-05-18 23:30:00,5443,5393.514,49.48583984375,49.48583984375,0.9091647959535184
2026-05-19 00:00:00,5361,5318.206,42.7939453125,42.7939453125,0.7982455756855065
2026-05-19 00:30:00,5218,5189.3496,28.650390625,28.650390625,0.5490684289957838
2026-05-19 01:00:00,5050,5050.577,-0.5771484375,0.5771484375,0.01142868193069307
2026-05-19 01:30:00,4926,4904.5244,21.4755859375,21.4755859375,0.4359639857389363
2026-05-19 02:00:00,4766,4798.7173,-32.71728515625,32.71728515625,0.6864726218264793
2026-05-19 02:30:00,4633,4670.8516,-37.8515625,37.8515625,0.8169989747463847
2026-05-19 03:00:00,4549,4539.9644,9.03564453125,9.03564453125,0.19862924887337877
2026-05-19 03:30:00,4524,4543.839,-19.8388671875,19.8388671875,0.4385249157272325
2026-05-19 04:00:00,4505,4519.4727,-14.47265625,14.47265625,0.3212576304106548
2026-05-19 04:30:00,4551,4573.5093,-22.50927734375,22.50927734375,0.4946006887222588
2026-05-19 05:00:00,4597,4638.068,-41.06787109375,41.06787109375,0.8933624340602566
2026-05-19 05:30:00,4792,4751.1772,40.82275390625,40.82275390625,0.8518938628182386
2026-05-19 06:00:00,5032,5021.121,10.87890625,10.87890625,0.21619448032591412
2026-05-19 06:30:00,5436,5395.5986,40.4013671875,40.4013671875,0.7432186752667402
2026-05-19 07:00:00,5888,5783.404,104.59619140625,104.59619140625,1.7764298812202786
2026-05-19 07:30:00,6356,6155.8887,200.111328125,200.111328125,3.1483846463971052
2026-05-19 08:00:00,6591,6518.9507,72.04931640625,72.04931640625,1.0931469641367015
2026-05-19 08:30:00,6515,6602.9927,-87.99267578125,87.99267578125,1.3506166658672296
2026-05-19 09:00:00,6243,6248.23,-5.22998046875,5.22998046875,0.08377351383549575
2026-05-19 09:30:00,6119,5983.2544,135.74560546875,135.74560546875,2.218427937060794
2026-05-19 10:00:00,5905,5790.006,114.994140625,114.994140625,1.9474028895004234
2026-05-19 10:30:00,5743,5588.831,154.1689453125,154.1689453125,2.6844670958122934
2026-05-19 11:00:00,5669,5441.258,227.7421875,227.7421875,4.017325586523196
2026-05-19 11:30:00,5975,5539.4634,435.53662109375,435.53662109375,7.289315834205021
2026-05-19 12:00:00,6068,6027.776,40.22412109375,40.22412109375,0.6628892731336519
2026-05-19 12:30:00,5993,6031.3213,-38.3212890625,38.3212890625,0.6394341575588186
2026-05-19 13:00:00,5958,5960.201,-2.201171875,2.201171875,0.03694481159785162
2026-05-19 13:30:00,5860,5922.2515,-62.25146484375,62.25146484375,1.062311686753413
2026-05-19 14:00:00,5630,5808.7134,-178.71337890625,178.71337890625,3.1743051315497337
2026-05-19 14:30:00,5335,5607.403,-272.40283203125,272.40283203125,5.105957488870665
2026-05-19 15:00:00,5567,5311.7285,255.271484375,255.271484375,4.5854407108855755
2026-05-19 15:30:00,5758,5697.978,60.02197265625,60.02197265625,1.0424100843391804
2026-05-19 16:00:00,6075,5905.884,169.1162109375,169.1162109375,2.783805941358025
2026-05-19 16:30:00,6310,6297.861,12.13916015625,12.13916015625,0.1923797172147385
2026-05-19 17:00:00,6615,6522.1113,92.888671875,92.888671875,1.4042127267573696
2026-05-19 17:30:00,6978,6887.6313,90.36865234375,90.36865234375,1.295050907763686
2026-05-19 18:00:00,7249,7158.6865,90.3134765625,90.3134765625,1.245874969823424
2026-05-19 18:30:00,7327,7209.017,117.98291015625,117.98291015625,1.610248534956326
2026-05-19 19:00:00,7217,7178.925,38.0751953125,38.0751953125,0.5275764904046003
2026-05-19 19:30:00,7119,7062.432,56.56787109375,56.56787109375,0.7946041732511588
2026-05-19 20:00:00,7026,6971.802,54.1982421875,54.1982421875,0.7713954196911472
2026-05-19 20:30:00,6898,6848.032,49.9677734375,49.9677734375,0.724380594918817
2026-05-19 21:00:00,6684,6663.1616,20.83837890625,20.83837890625,0.311765094348444
2026-05-19 21:30:00,6477,6440.947,36.05322265625,36.05322265625,0.5566345940443107
2026-05-19 22:00:00,6203,6186.624,16.3759765625,16.3759765625,0.2640009118571659
2026-05-19 22:30:00,5938,5931.6875,6.3125,6.3125,0.10630683731896261
2026-05-19 23:00:00,5690,5677.1396,12.8603515625,12.8603515625,0.2260167234182777
2026-05-19 23:30:00,5676,5650.648,25.35205078125,25.35205078125,0.4466534669001057
2026-05-20 00:00:00,5563,5539.317,23.68310546875,23.68310546875,0.42572542636616933
2026-05-20 00:30:00,5415,5381.901,33.09912109375,33.09912109375,0.6112487736611265
2026-05-20 01:00:00,5251,5245.867,5.1328125,5.1328125,0.09774923824033517
2026-05-20 01:30:00,5083,5113.797,-30.796875,30.796875,0.6058798937635255
2026-05-20 02:00:00,4952,4947.8433,4.15673828125,4.15673828125,0.08394059534026656
2026-05-20 02:30:00,4853,4828.734,24.26611328125,24.26611328125,0.5000229400628478
2026-05-20 03:00:00,4743,4751.9873,-8.9873046875,8.9873046875,0.1894856564937803
2026-05-20 03:30:00,4721,4696.348,24.65185546875,24.65185546875,0.5221744433117984
2026-05-20 04:00:00,4691,4699.6016,-8.6015625,8.6015625,0.1833630888936261
2026-05-20 04:30:00,4726,4717.4175,8.58251953125,8.58251953125,0.18160219067393144
2026-05-20 05:00:00,4757,4768.8823,-11.88232421875,11.88232421875,0.24978608826466261
2026-05-20 05:30:00,4943,4891.282,51.7177734375,51.7177734375,1.046283096044912
2026-05-20 06:00:00,5158,5133.4663,24.53369140625,24.53369140625,0.4756434937233424
2026-05-20 06:30:00,5571,5468.7246,102.275390625,102.275390625,1.8358533589122241
2026-05-20 07:00:00,6033,5925.0454,107.95458984375,107.95458984375,1.789401456054202
2026-05-20 07:30:00,6470,6363.65,106.35009765625,106.35009765625,1.643741849401082
2026-05-20 08:00:00,6760,6714.3257,45.67431640625,45.67431640625,0.675655568139793
2026-05-20 08:30:00,6801,6659.1934,141.806640625,141.806640625,2.0850851437288633
2026-05-20 09:00:00,6606,6606.463,-0.462890625,0.462890625,0.007007124205267939
2026-05-20 09:30:00,6332,6240.5176,91.482421875,91.482421875,1.4447634534902085
2026-05-20 10:00:00,5855,5955.817,-100.81689453125,100.81689453125,1.7218940141972672
2026-05-20 10:30:00,5502,5496.52,5.47998046875,5.47998046875,0.09959979041712105
2026-05-20 11:00:00,5360,5233.675,126.3251953125,126.3251953125,2.3568133453824625
2026-05-20 11:30:00,5313,5172.52,140.47998046875,140.47998046875,2.644080189511575
2026-05-20 12:00:00,5199,5188.7114,10.28857421875,10.28857421875,0.19789525329390267
2026-05-20 12:30:00,5292,5167.609,124.39111328125,124.39111328125,2.3505501375897584
2026-05-20 13:00:00,5343,5244.7246,98.275390625,98.275390625,1.8393297889762306
2026-05-20 13:30:00,5439,5398.6147,40.38525390625,40.38525390625,0.7425124821888215
2026-05-20 14:00:00,5578,5530.446,47.55419921875,47.55419921875,0.8525313592461456
2026-05-20 14:30:00,5578,5628.0913,-50.09130859375,50.09130859375,0.8980155717775188
2026-05-20 15:00:00,5618,5604.4775,13.5224609375,13.5224609375,0.24069884189213245
2026-05-20 15:30:00,5790,5713.0664,76.93359375,76.93359375,1.328732189119171
2026-05-20 16:00:00,6047,6021.229,25.77099609375,25.77099609375,0.4261782056184885
2026-05-20 16:30:00,6309,6184.734,124.26611328125,124.26611328125,1.9696641826161039
2026-05-20 17:00:00,6640,6506.459,133.541015625,133.541015625,2.011159873870482
2026-05-20 17:30:00,6931,6893.9497,37.05029296875,37.05029296875,0.534559125216419
2026-05-20 18:00:00,7245,7100.1187,144.88134765625,144.88134765625,1.999742548740511
2026-05-20 18:30:00,7295,7247.6133,47.38671875,47.38671875,0.64957805003427
2026-05-20 19:00:00,7204,7160.565,43.43505859375,43.43505859375,0.6029297417233481
2026-05-20 19:30:00,7116,7028.5347,87.46533203125,87.46533203125,1.2291362005515738
2026-05-20 20:00:00,7016,6957.4067,58.59326171875,58.59326171875,0.835137709788341
2026-05-20 20:30:00,6868,6807.1553,60.8447265625,60.8447265625,0.8859162283415841
2026-05-20 21:00:00,6700,6635.393,64.60693359375,64.60693359375,0.9642825909514926
2026-05-20 21:30:00,6469,6433.229,35.77099609375,35.77099609375,0.5529602116826402
2026-05-20 22:00:00,6271,6173.919,97.0810546875,97.0810546875,1.5480952748764152
2026-05-20 22:30:00,5980,6020.4097,-40.40966796875,40.40966796875,0.6757469559991638
2026-05-20 23:00:00,5770,5728.1416,41.8583984375,41.8583984375,0.7254488464038128
2026-05-20 23:30:00,5764,5685.397,78.60302734375,78.60302734375,1.363688885214261
2026-05-21 00:00:00,5617,5557.4033,59.5966796875,59.5966796875,1.061005513396831
2026-05-21 00:30:00,5441,5427.888,13.11181640625,13.11181640625,0.24098173876585188
2026-05-21 01:00:00,5277,5262.5156,14.484375,14.484375,0.2744812393405344
2026-05-21 01:30:00,5129,5125.3984,3.6015625,3.6015625,0.07021958471436927
2026-05-21 02:00:00,4999,5000.561,-1.56103515625,1.56103515625,0.031226948514702944
2026-05-21 02:30:00,4869,4881.377,-12.376953125,12.376953125,0.25419907835284455
2026-05-21 03:00:00,4748,4786.7837,-38.78369140625,38.78369140625,0.8168427002158803
2026-05-21 03:30:00,4710,4710.1216,-0.12158203125,0.12158203125,0.002581359474522293
2026-05-21 04:00:00,4728,4687.8604,40.1396484375,40.1396484375,0.848977335818528
2026-05-21 04:30:00,4770,4764.2007,5.79931640625,5.79931640625,0.12157896029874214
2026-05-21 05:00:00,4835,4846.0903,-11.09033203125,11.09033203125,0.2293760502843847
2026-05-21 05:30:00,5025,5033.45,-8.4501953125,8.4501953125,0.1681630907960199
2026-05-21 06:00:00,5250,5320.092,-70.091796875,70.091796875,1.3350818452380953
2026-05-21 06:30:00,5701,5673.249,27.7509765625,27.7509765625,0.4867738390194703
2026-05-21 07:00:00,6217,6093.3623,123.6376953125,123.6376953125,1.9887034793710794
2026-05-21 07:30:00,6656,6580.189,75.81103515625,75.81103515625,1.1389879079965444
2026-05-21 08:00:00,6983,6927.1094,55.890625,55.890625,0.8003812831161392
2026-05-21 08:30:00,7046,6815.704,230.2958984375,230.2958984375,3.2684629355307977
2026-05-21 09:00:00,6797,6817.6323,-20.63232421875,20.63232421875,0.30355045194571134
2026-05-21 09:30:00,6643,6549.185,93.81494140625,93.81494140625,1.4122375644475387
2026-05-21 10:00:00,6403,6294.8433,108.15673828125,108.15673828125,1.6891572431867876
2026-05-21 10:30:00,6187,6054.48,132.52001953125,132.52001953125,2.1419107730927753
2026-05-21 11:00:00,6010,5836.8643,173.1357421875,173.1357421875,2.8807943791597337
2026-05-21 11:30:00,6087,5783.5444,303.45556640625,303.45556640625,4.9853058387752585
2026-05-21 12:00:00,6116,5957.3486,158.6513671875,158.6513671875,2.5940380508093526
2026-05-21 12:30:00,6097,6101.0454,-4.04541015625,4.04541015625,0.06635083083893718
2026-05-21 13:00:00,6077,6111.9375,-34.9375,34.9375,0.5749136086884976
2026-05-21 13:30:00,6121,6056.1753,64.82470703125,64.82470703125,1.059054191002287
2026-05-21 14:00:00,6011,6113.4116,-102.41162109375,102.41162109375,1.7037368340334387
2026-05-21 14:30:00,5946,6020.2207,-74.220703125,74.220703125,1.2482459321392532
2026-05-21 15:00:00,5965,5944.27,20.72998046875,20.72998046875,0.34752691481559095
2026-05-21 15:30:00,6065,6015.003,49.9970703125,49.9970703125,0.8243540035037099
2026-05-21 16:00:00,6276,6166.5894,109.41064453125,109.41064453125,1.74331810916587
2026-05-21 16:30:00,6569,6435.972,133.02783203125,133.02783203125,2.025084975357741
2026-05-21 17:00:00,6861,6892.227,-31.22705078125,31.22705078125,0.4551384751676141
2026-05-21 17:30:00,7211,7136.865,74.134765625,74.134765625,1.0280788465538762
2026-05-21 18:00:00,7497,7461.079,35.9208984375,35.9208984375,0.4791369672869148
2026-05-21 18:30:00,7537,7450.3887,86.611328125,86.611328125,1.1491485753615498
2026-05-21 19:00:00,7466,7427.939,38.06103515625,38.06103515625,0.5097915236572462
2026-05-21 19:30:00,7346,7392.8545,-46.8544921875,46.8544921875,0.6378231988497142
2026-05-21 20:00:00,7226,7237.257,-11.2568359375,11.2568359375,0.15578239603515084
2026-05-21 20:30:00,7042,7057.2866,-15.28662109375,15.28662109375,0.21707783433328598
2026-05-21 21:00:00,6884,6789.694,94.30615234375,94.30615234375,1.3699324861090936
2026-05-21 21:30:00,6687,6621.1753,65.82470703125,65.82470703125,0.9843682822080155
2026-05-21 22:00:00,6411,6384.477,26.52294921875,26.52294921875,0.41371001745047575
2026-05-21 22:30:00,6122,6084.185,37.81494140625,37.81494140625,0.6176893401870304
2026-05-21 23:00:00,5928,5867.3555,60.64453125,60.64453125,1.0230184084008098
2026-05-21 23:30:00,5882,5843.896,38.10400390625,38.10400390625,0.6478069348223393
2026-05-22 00:00:00,5772,5735.127,36.873046875,36.873046875,0.6388261759355509
2026-05-22 00:30:00,5595,5570.533,24.466796875,24.466796875,0.4372975312779267
2026-05-22 01:00:00,5412,5393.527,18.47314453125,18.47314453125,0.34133674300166295
2026-05-22 01:30:00,5266,5266.145,-0.14501953125,0.14501953125,0.0027538839963919485
2026-05-22 02:00:00,5106,5130.6265,-24.62646484375,24.62646484375,0.4823044426899726
2026-05-22 02:30:00,4997,5011.461,-14.4609375,14.4609375,0.2893923854312588
2026-05-22 03:00:00,4932,4925.406,6.59423828125,6.59423828125,0.13370312816808597
2026-05-22 03:30:00,4918,4899.9917,18.00830078125,18.00830078125,0.36617122369357463
2026-05-22 04:00:00,4884,4892.1177,-8.11767578125,8.11767578125,0.16620957783067158
2026-05-22 04:30:00,4921,4895.6216,25.37841796875,25.37841796875,0.5157166829658606
2026-05-22 05:00:00,5046,4999.3066,46.693359375,46.693359375,0.9253539313317479
2026-05-22 05:30:00,5257,5251.8555,5.14453125,5.14453125,0.09786059064105003
2026-05-22 06:00:00,5522,5551.094,-29.09423828125,29.09423828125,0.5268786360240855
2026-05-22 06:30:00,6008,6005.1304,2.86962890625,2.86962890625,0.04776346381907457
2026-05-22 07:00:00,6573,6342.4575,230.54248046875,230.54248046875,3.5074164075574323
2026-05-22 07:30:00,6880,7022.8726,-142.87255859375,142.87255859375,2.076636026071948
2026-05-22 08:00:00,7230,7010.4824,219.517578125,219.517578125,3.036204400069156
2026-05-22 08:30:00,7459,7255.8765,203.12353515625,203.12353515625,2.72320063220606
2026-05-22 09:00:00,7119,7219.5366,-100.53662109375,100.53662109375,1.4122295419827224
2026-05-22 09:30:00,6648,6826.335,-178.3349609375,178.3349609375,2.6825355135003006
2026-05-22 10:00:00,6143,6245.956,-102.9560546875,102.9560546875,1.6759898207309134
2026-05-22 10:30:00,5660,5753.462,-93.4619140625,93.4619140625,1.6512705664752652
2026-05-22 11:00:00,5216,5240.4976,-24.49755859375,24.49755859375,0.46966178285563653
2026-05-22 11:30:00,5020,4914.727,105.27294921875,105.27294921875,2.0970707015687253
2026-05-22 12:00:00,4759,4810.363,-51.36279296875,51.36279296875,1.0792770113206556
2026-05-22 12:30:00,4562,4682.587,-120.5869140625,120.5869140625,2.6432905318391056
2026-05-22 13:00:00,4489,4476.6265,12.37353515625,12.37353515625,0.2756412376085988
2026-05-22 13:30:00,4420,4428.1,-8.10009765625,8.10009765625,0.183260127969457
2026-05-22 14:00:00,4476,4437.296,38.7041015625,38.7041015625,0.8647028946045576
2026-05-22 14:30:00,4506,4565.8965,-59.896484375,59.896484375,1.3292606385929873
2026-05-22 15:00:00,4684,4667.1323,16.86767578125,16.86767578125,0.3601126341001281
2026-05-22 15:30:00,4974,4938.6353,35.36474609375,35.36474609375,0.710992080694612
2026-05-22 16:00:00,5378,5297.574,80.42578125,80.42578125,1.4954589298995908
2026-05-22 16:30:00,5907,5751.2554,155.74462890625,155.74462890625,2.636611290100728
2026-05-22 17:00:00,6380,6232.78,147.22021484375,147.22021484375,2.3075268784286833
2026-05-22 17:30:00,6751,6624.67,126.330078125,126.330078125,1.8712794863723892
2026-05-22 18:00:00,7074,7014.0303,59.9697265625,59.9697265625,0.847748467097823
2026-05-22 18:30:00,7143,7135.9097,7.09033203125,7.09033203125,0.09926266318423631
2026-05-22 19:00:00,7140,7064.6724,75.32763671875,75.32763671875,1.0550089176295518
2026-05-22 19:30:00,7029,7070.5747,-41.57470703125,41.57470703125,0.5914739939002703
2026-05-22 20:00:00,6947,6868.5776,78.42236328125,78.42236328125,1.1288666083381316
2026-05-22 20:30:00,6852,6753.5293,98.470703125,98.470703125,1.43710891892878
2026-05-22 21:00:00,6709,6695.0767,13.92333984375,13.92333984375,0.2075322677559994
2026-05-22 21:30:00,6565,6476.883,88.1171875,88.1171875,1.3422267707539985
2026-05-22 22:00:00,6350,6304.043,45.95703125,45.95703125,0.7237327755905512
2026-05-22 22:30:00,6129,6090.766,38.23388671875,38.23388671875,0.6238193297234459
2026-05-22 23:00:00,5936,5906.307,29.69287109375,29.69287109375,0.5002168310941711
2026-05-22 23:30:00,5891,5857.8984,33.1015625,33.1015625,0.5619005686640638
2026-05-23 00:00:00,5787,5737.3105,49.689453125,49.689453125,0.85863924529117
2026-05-23 00:30:00,5599,5593.4814,5.5185546875,5.5185546875,0.0985632199946419
2026-05-23 01:00:00,5412,5393.2485,18.75146484375,18.75146484375,0.3464793947477827
2026-05-23 01:30:00,5197,5251.806,-54.80615234375,54.80615234375,1.054572875577256
2026-05-23 02:00:00,5029,5041.228,-12.22802734375,12.22802734375,0.24315027527838537
2026-05-23 02:30:00,4943,4905.6724,37.32763671875,37.32763671875,0.7551615763453369
2026-05-23 03:00:00,4856,4829.4873,26.5126953125,26.5126953125,0.5459780748043658
2026-05-23 03:30:00,4747,4792.864,-45.86376953125,45.86376953125,0.9661632511322941
2026-05-23 04:00:00,4701,4676.692,24.30810546875,24.30810546875,0.5170837155658371
2026-05-23 04:30:00,4728,4677.973,50.02685546875,50.02685546875,1.0580976198974197
2026-05-23 05:00:00,4724,4734.5244,-10.5244140625,10.5244140625,0.2227860724491956
2026-05-23 05:30:00,4793,4811.758,-18.7578125,18.7578125,0.3913584915501774
2026-05-23 06:00:00,4901,4874.7607,26.2392578125,26.2392578125,0.5353857949908182
2026-05-23 06:30:00,5132,5046.6445,85.35546875,85.35546875,1.663200871979735
2026-05-23 07:00:00,5386,5256.871,129.12890625,129.12890625,2.397491761047159
2026-05-23 07:30:00,5609,5535.194,73.80615234375,73.80615234375,1.3158522436040294
2026-05-23 08:00:00,5864,5802.4375,61.5625,61.5625,1.049837994542974
2026-05-23 08:30:00,6026,5903.255,122.7451171875,122.7451171875,2.036925276924992
2026-05-23 09:00:00,6074,5830.4243,243.57568359375,243.57568359375,4.010136377901712
2026-05-23 09:30:00,6037,5877.652,159.34814453125,159.34814453125,2.6395253359491466
2026-05-23 10:00:00,5980,5841.484,138.51611328125,138.51611328125,2.316322964569398
2026-05-23 10:30:00,5880,5812.5596,67.4404296875,67.4404296875,1.1469460831207483
2026-05-23 11:00:00,5654,5666.237,-12.23681640625,12.23681640625,0.21642759827113547
2026-05-23 11:30:00,5581,5445.618,135.3818359375,135.3818359375,2.4257630520963986
2026-05-23 12:00:00,5296,5359.157,-63.1572265625,63.1572265625,1.1925458187783233
2026-05-23 12:30:00,5135,5124.348,10.65185546875,10.65185546875,0.20743632850535543
2026-05-23 13:00:00,5171,5000.43,170.56982421875,170.56982421875,3.298584881430091
2026-05-23 13:30:00,5184,5047.9023,136.09765625,136.09765625,2.625340591242284
2026-05-23 14:00:00,4967,5150.57,-183.56982421875,183.56982421875,3.6957886897271996
2026-05-23 14:30:00,4891,4972.287,-81.287109375,81.287109375,1.6619732033326517
2026-05-23 15:00:00,5200,4887.7554,312.24462890625,312.24462890625,6.004704402043269
2026-05-23 15:30:00,5317,5368.259,-51.2587890625,51.2587890625,0.9640547124788414
2026-05-23 16:00:00,5549,5517.4834,31.5166015625,31.5166015625,0.5679690315822671
2026-05-23 16:30:00,5759,5829.6396,-70.6396484375,70.6396484375,1.2265957360218789
2026-05-23 17:00:00,6036,5908.6753,127.32470703125,127.32470703125,2.109421919006792
2026-05-23 17:30:00,6371,6186.33,184.669921875,184.669921875,2.898601818788259
2026-05-23 18:00:00,6572,6498.5254,73.474609375,73.474609375,1.1179946648660986
2026-05-23 18:30:00,6564,6654.15,-90.14990234375,90.14990234375,1.3733988778755333
2026-05-23 19:00:00,6510,6511.6787,-1.6787109375,1.6787109375,0.02578665034562212
2026-05-23 19:30:00,6418,6426.9985,-8.99853515625,8.99853515625,0.14020777744234966
2026-05-23 20:00:00,6309,6286.262,22.73779296875,22.73779296875,0.36040248801315583
2026-05-23 20:30:00,6207,6129.434,77.56591796875,77.56591796875,1.2496522952916063
2026-05-23 21:00:00,6096,6000.563,95.43701171875,95.43701171875,1.56556777753855
2026-05-23 21:30:00,5947,5944.2173,2.78271484375,2.78271484375,0.04679190926097192
2026-05-23 22:00:00,5839,5743.9336,95.06640625,95.06640625,1.6281282111662954
2026-05-23 22:30:00,5640,5672.003,-32.0029296875,32.0029296875,0.5674278313386525
2026-05-23 23:00:00,5507,5500.3594,6.640625,6.640625,0.12058516433629926
2026-05-23 23:30:00,5534,5514.2847,19.71533203125,19.71533203125,0.3562582586058909
2026-05-24 00:00:00,5453,5406.6504,46.349609375,46.349609375,0.8499836672473868
2026-05-24 00:30:00,5298,5269.14,28.85986328125,28.85986328125,0.5447312812617968
2026-05-24 01:00:00,5132,5142.217,-10.216796875,10.216796875,0.19908021969992207
2026-05-24 01:30:00,5001,4980.584,20.416015625,20.416015625,0.4082386647670466
2026-05-24 02:00:00,4843,4837.73,5.27001953125,5.27001953125,0.10881725234875078
2026-05-24 02:30:00,4722,4726.1514,-4.1513671875,4.1513671875,0.08791544234434562
2026-05-24 03:00:00,4616,4595.0723,20.927734375,20.927734375,0.4533737949523397
2026-05-24 03:30:00,4564,4550.1562,13.84375,13.84375,0.3033249342681858
2026-05-24 04:00:00,4482,4488.645,-6.64501953125,6.64501953125,0.1482601412594824
2026-05-24 04:30:00,4474,4484.2,-10.2001953125,10.2001953125,0.22798827251899867
2026-05-24 05:00:00,4489,4498.588,-9.587890625,9.587890625,0.21358633604366228
2026-05-24 05:30:00,4521,4563.7886,-42.78857421875,42.78857421875,0.9464404826089361
2026-05-24 06:00:00,4584,4595.726,-11.72607421875,11.72607421875,0.2558044114037958
2026-05-24 06:30:00,4720,4707.827,12.1728515625,12.1728515625,0.2578993975105932
2026-05-24 07:00:00,4887,4851.76,35.240234375,35.240234375,0.7211015832821772
2026-05-24 07:30:00,5089,5019.508,69.4921875,69.4921875,1.3655371880526628
2026-05-24 08:00:00,5236,5179.614,56.38623046875,56.38623046875,1.076895157921123
2026-05-24 08:30:00,5506,5281.7983,224.20166015625,224.20166015625,4.071951691904286
2026-05-24 09:00:00,5558,5590.6177,-32.61767578125,32.61767578125,0.586859945686398
2026-05-24 09:30:00,5697,5628.7734,68.2265625,68.2265625,1.1975875460768826
2026-05-24 10:00:00,5709,5600.386,108.61376953125,108.61376953125,1.902500780018392
2026-05-24 10:30:00,5693,5587.7476,105.25244140625,105.25244140625,1.848804521451783
2026-05-24 11:00:00,5571,5584.7725,-13.7724609375,13.7724609375,0.24721703352180938
2026-05-24 11:30:00,5608,5472.457,135.54296875,135.54296875,2.416957360021398
2026-05-24 12:00:00,5484,5560.513,-76.51318359375,76.51318359375,1.3952075782959519
2026-05-24 12:30:00,5401,5456.797,-55.796875,55.796875,1.0330841510831328
2026-05-24 13:00:00,5361,5381.322,-20.32177734375,20.32177734375,0.37906691557078903
2026-05-24 13:30:00,5313,5332.3984,-19.3984375,19.3984375,0.36511269527573875
2026-05-24 14:00:00,5475,5297.5317,177.46826171875,177.46826171875,3.2414294377853885
2026-05-24 14:30:00,5566,5509.9536,56.04638671875,56.04638671875,1.0069419101464248
2026-05-24 15:00:00,5626,5615.321,10.67919921875,10.67919921875,0.18981868501155352
2026-05-24 15:30:00,5676,5704.77,-28.77001953125,28.77001953125,0.5068713800431642
2026-05-24 16:00:00,5841,5761.0503,79.94970703125,79.94970703125,1.3687674547380586
2026-05-24 16:30:00,6028,6001.353,26.64697265625,26.64697265625,0.4420532955582283
2026-05-24 17:00:00,6251,6184.5933,66.40673828125,66.40673828125,1.0623378384458486
2026-05-24 17:30:00,6538,6405.079,132.9208984375,132.9208984375,2.0330513679642093
2026-05-24 18:00:00,6755,6665.117,89.8828125,89.8828125,1.330611584011843
2026-05-24 18:30:00,6698,6645.526,52.47412109375,52.47412109375,0.7834296968311436
2026-05-24 19:00:00,6601,6534.059,66.94091796875,66.94091796875,1.014102680938494
2026-05-24 19:30:00,6483,6485.1006,-2.1005859375,2.1005859375,0.0324014489819528
2026-05-24 20:00:00,6331,6327.5425,3.45751953125,3.45751953125,0.054612534058600545
2026-05-24 20:30:00,6198,6152.6035,45.396484375,45.396484375,0.7324376310906744
2026-05-24 21:00:00,5988,5940.659,47.3408203125,47.3408203125,0.7905948615981965
2026-05-24 21:30:00,5848,5765.2095,82.79052734375,82.79052734375,1.4157066919245895
2026-05-24 22:00:00,5642,5647.6606,-5.66064453125,5.66064453125,0.10033045961095356
2026-05-24 22:30:00,5491,5449.165,41.8349609375,41.8349609375,0.7618823700145693
2026-05-24 23:00:00,5337,5328.842,8.158203125,8.158203125,0.15286121650740117
2026-05-24 23:30:00,5311,5309.9937,1.00634765625,1.00634765625,0.018948364832423275
2026-05-25 00:00:00,5233,5212.9014,20.0986328125,20.0986328125,0.38407477188037453
2026-05-25 00:30:00,5127,5055.1895,71.810546875,71.810546875,1.4006348132436124
2026-05-25 01:00:00,4989,4960.168,28.83203125,28.83203125,0.5779120314692323
2026-05-25 01:30:00,4886,4840.406,45.59423828125,45.59423828125,0.9331608326084732
2026-05-25 02:00:00,4696,4752.0312,-56.03125,56.03125,1.1931697189097104
2026-05-25 02:30:00,4602,4596.522,5.47802734375,5.47802734375,0.11903579625706215
2026-05-25 03:00:00,4534,4513.1255,20.87451171875,20.87451171875,0.4603994644629466
2026-05-25 03:30:00,4507,4501.827,5.1728515625,5.1728515625,0.11477372004659418
2026-05-25 04:00:00,4491,4502.499,-11.4990234375,11.4990234375,0.2560459460587842
2026-05-25 04:30:00,4529,4556.239,-27.23876953125,27.23876953125,0.6014301066736586
2026-05-25 05:00:00,4592,4602.429,-10.42919921875,10.42919921875,0.227116707725392
2026-05-25 05:30:00,4743,4736.534,6.4658203125,6.4658203125,0.13632343058191018
2026-05-25 06:00:00,4962,4962.718,-0.7177734375,0.7177734375,0.014465405834340991
2026-05-25 06:30:00,5319,5245.6914,73.30859375,73.30859375,1.3782401532242903
2026-05-25 07:00:00,5739,5588.4033,150.5966796875,150.5966796875,2.6240926936312947
2026-05-25 07:30:00,6180,5883.774,296.22607421875,296.22607421875,4.7933021718244335
2026-05-25 08:00:00,6493,6275.957,217.04296875,217.04296875,3.3427224511011855
2026-05-25 08:30:00,6594,6564.587,29.4130859375,29.4130859375,0.44605832480285107
2026-05-25 09:00:00,6490,6504.6924,-14.6923828125,14.6923828125,0.2263849431818182
2026-05-25 09:30:00,6464,6202.364,261.63623046875,261.63623046875,4.047590199083385
2026-05-25 10:00:00,6199,6264.589,-65.5888671875,65.5888671875,1.058055608767543
2026-05-25 10:30:00,5971,5938.277,32.72314453125,32.72314453125,0.5480345759713616
2026-05-25 11:00:00,5666,5734.1074,-68.107421875,68.107421875,1.2020370962760325
2026-05-25 11:30:00,5683,5414.0967,268.9033203125,268.9033203125,4.731714240937885
2026-05-25 12:00:00,5650,5538.8247,111.17529296875,111.17529296875,1.9677043003318584
2026-05-25 12:30:00,5492,5533.124,-41.1240234375,41.1240234375,0.7487986787600146
2026-05-25 13:00:00,5378,5468.246,-90.24609375,90.24609375,1.6780605011156562
2026-05-25 13:30:00,5365,5328.743,36.2568359375,36.2568359375,0.6758030929636534
2026-05-25 14:00:00,5421,5344.6206,76.37939453125,76.37939453125,1.4089539666343849
2026-05-25 14:30:00,5501,5482.9277,18.072265625,18.072265625,0.3285269155608071
2026-05-25 15:00:00,5695,5559.371,135.62890625,135.62890625,2.3815435689201054
2026-05-25 15:30:00,5834,5824.7397,9.26025390625,9.26025390625,0.15872906935635928
2026-05-25 16:00:00,6065,6022.8057,42.1943359375,42.1943359375,0.6957021589035449
2026-05-25 16:30:00,6236,6219.3945,16.60546875,16.60546875,0.2662839761064785
2026-05-25 17:00:00,6481,6480.585,0.4150390625,0.4150390625,0.006403935542354576
2026-05-25 17:30:00,6752,6721.1006,30.8994140625,30.8994140625,0.45763350211048576
2026-05-25 18:00:00,7009,6903.754,105.24609375,105.24609375,1.5015850156941075
2026-05-25 18:30:00,7010,6925.1353,84.86474609375,84.86474609375,1.210624052692582
2026-05-25 19:00:00,6902,6860.4893,41.5107421875,41.5107421875,0.6014306315198493
2026-05-25 19:30:00,6749,6747.989,1.01123046875,1.01123046875,0.014983411894354717
2026-05-25 20:00:00,6625,6478.7964,146.20361328125,146.20361328125,2.206846992924528
2026-05-25 20:30:00,6466,6349.9546,116.04541015625,116.04541015625,1.7947016726917724
2026-05-25 21:00:00,6307,6263.1343,43.86572265625,43.86572265625,0.6955085247542413
2026-05-25 21:30:00,6105,6111.4497,-6.44970703125,6.44970703125,0.10564630681818181
2026-05-25 22:00:00,5929,5878.145,50.85498046875,50.85498046875,0.8577328464960364
2026-05-25 22:30:00,5676,5671.4575,4.54248046875,4.54248046875,0.08002960656712474
2026-05-25 23:00:00,5507,5481.925,25.0751953125,25.0751953125,0.45533312715634644
2026-05-25 23:30:00,5495,5474.594,20.40576171875,20.40576171875,0.37135144165150136
2026-05-26 00:00:00,5409,5375.0605,33.939453125,33.939453125,0.6274626201700869
2026-05-26 00:30:00,5270,5248.839,21.1611328125,21.1611328125,0.4015395220588235
2026-05-26 01:00:00,5112,5124.692,-12.69189453125,12.69189453125,0.24827649709017996
2026-05-26 01:30:00,4960,4971.289,-11.2890625,11.2890625,0.22760206653225806
2026-05-26 02:00:00,4847,4822.2236,24.7763671875,24.7763671875,0.5111691187848153
2026-05-26 02:30:00,4719,4729.6274,-10.62744140625,10.62744140625,0.22520536991417675
2026-05-26 03:00:00,4651,4623.257,27.7431640625,27.7431640625,0.5964989048054181
2026-05-26 03:30:00,4631,4637.1147,-6.11474609375,6.11474609375,0.13203943195314186
2026-05-26 04:00:00,4596,4602.9893,-6.9892578125,6.9892578125,0.15207262429286336
2026-05-26 04:30:00,4645,4625.9243,19.07568359375,19.07568359375,0.4106713367868676
2026-05-26 05:00:00,4702,4689.5337,12.46630859375,12.46630859375,0.2651277880423224
2026-05-26 05:30:00,4846,4847.164,-1.1640625,1.1640625,0.024021099876186544
2026-05-26 06:00:00,5060,4999.4307,60.5693359375,60.5693359375,1.1970224493577075
2026-05-26 06:30:00,5428,5391.589,36.4111328125,36.4111328125,0.6708020046518054
2026-05-26 07:00:00,5863,5776.711,86.2890625,86.2890625,1.4717561402012622
2026-05-26 07:30:00,6327,6251.2407,75.75927734375,75.75927734375,1.1973965124664139
2026-05-26 08:00:00,6596,6597.282,-1.2822265625,1.2822265625,0.019439456678289873
2026-05-26 08:30:00,6607,6698.5366,-91.53662109375,91.53662109375,1.3854490857234751
2026-05-26 09:00:00,6421,6479.302,-58.3017578125,58.3017578125,0.9079856379458028
2026-05-26 09:30:00,6117,6182.0625,-65.0625,65.0625,1.0636341343795979
2026-05-26 10:00:00,6054,5848.143,205.85693359375,205.85693359375,3.4003457811983813
2026-05-26 10:30:00,5779,5797.367,-18.3671875,18.3671875,0.31782639730057105
2026-05-26 11:00:00,5623,5546.556,76.44384765625,76.44384765625,1.3594851085941668
2026-05-26 11:30:00,5628,5457.045,170.955078125,170.955078125,3.03758134550462
2026-05-26 12:00:00,5596,5502.918,93.08203125,93.08203125,1.6633672489278055
2026-05-26 12:30:00,5506,5527.339,-21.3388671875,21.3388671875,0.387556614375227
2026-05-26 13:00:00,5472,5492.5415,-20.54150390625,20.54150390625,0.3753929807428728
2026-05-26 13:30:00,5439,5401.709,37.291015625,37.291015625,0.6856226443280015
2026-05-26 14:00:00,5503,5404.271,98.72900390625,98.72900390625,1.7940942014582955
2026-05-26 14:30:00,5564,5502.7715,61.228515625,61.228515625,1.1004406115204888
2026-05-26 15:00:00,5760,5563.339,196.6611328125,196.6611328125,3.4142557779947915
2026-05-26 15:30:00,5981,5812.4946,168.50537109375,168.50537109375,2.817344442296439
2026-05-26 16:00:00,6118,6168.9053,-50.9052734375,50.9052734375,0.8320574278767571
2026-05-26 16:30:00,6356,6298.061,57.93896484375,57.93896484375,0.9115633235328824
2026-05-26 17:00:00,6578,6502.1865,75.8134765625,75.8134765625,1.1525308081863788
2026-05-26 17:30:00,6896,6840.1855,55.814453125,55.814453125,0.8093743202581206
2026-05-26 18:00:00,7153,7100.912,52.087890625,52.087890625,0.728196429819656
2026-05-26 18:30:00,7078,7054.9243,23.07568359375,23.07568359375,0.32601983037228033
2026-05-26 19:00:00,7002,6916.3296,85.67041015625,85.67041015625,1.2235134269672951
2026-05-26 19:30:00,6875,6790.5444,84.45556640625,84.45556640625,1.2284446022727273
2026-05-26 20:00:00,6735,6651.065,83.93505859375,83.93505859375,1.2462517979769858
2026-05-26 20:30:00,6580,6498.774,81.22607421875,81.22607421875,1.2344388179141337
2026-05-26 21:00:00,6399,6303.1357,95.8642578125,95.8642578125,1.4981131084935146
2026-05-26 21:30:00,6182,6158.069,23.93115234375,23.93115234375,0.38711019643723715
2026-05-26 22:00:00,5988,5889.006,98.994140625,98.994140625,1.653208761272545
2026-05-26 22:30:00,5782,5699.796,82.2041015625,82.2041015625,1.4217243438689036
2026-05-26 23:00:00,5555,5552.728,2.27197265625,2.27197265625,0.040899597772277224
2026-05-26 23:30:00,5509,5521.3286,-12.32861328125,12.32861328125,0.22379040263659467
2026-05-27 00:00:00,5444,5387.783,56.216796875,56.216796875,1.0326377089456282
2026-05-27 00:30:00,5277,5246.621,30.37890625,30.37890625,0.5756851667614175
2026-05-27 01:00:00,5135,5111.3496,23.650390625,23.650390625,0.46057235881207403
2026-05-27 01:30:00,4993,4979.1978,13.80224609375,13.80224609375,0.27643192657220106
2026-05-27 02:00:00,4832,4846.2896,-14.28955078125,14.28955078125,0.2957274582212335
2026-05-27 02:30:00,4726,4735.593,-9.5927734375,9.5927734375,0.20297870159754547
2026-05-27 03:00:00,4633,4632.3994,0.6005859375,0.6005859375,0.012963219026548675
2026-05-27 03:30:00,4568,4586.956,-18.9560546875,18.9560546875,0.414974927484676
2026-05-27 04:00:00,4567,4545.7026,21.29736328125,21.29736328125,0.4663315804959492
2026-05-27 04:30:00,4615,4588.1694,26.83056640625,26.83056640625,0.5813773869176598
2026-05-27 05:00:00,4616,4654.927,-38.9267578125,38.9267578125,0.8433006458513865
2026-05-27 05:30:00,4787,4743.851,43.14892578125,43.14892578125,0.9013771836484228
2026-05-27 06:00:00,4980,4962.707,17.29296875,17.29296875,0.34724836847389556
2026-05-27 06:30:00,5336,5313.76,22.240234375,22.240234375,0.4167959965329835
2026-05-27 07:00:00,5729,5629.789,99.2109375,99.2109375,1.7317321958456973
2026-05-27 07:30:00,6125,6116.6587,8.34130859375,8.34130859375,0.13618463010204082
2026-05-27 08:00:00,6361,6376.5312,-15.53125,15.53125,0.2441636535135985
2026-05-27 08:30:00,6439,6481.147,-42.14697265625,42.14697265625,0.654557736546824
2026-05-27 09:00:00,6332,6422.966,-90.9658203125,90.9658203125,1.4366048691171827
2026-05-27 09:30:00,6261,6114.7275,146.2724609375,146.2724609375,2.3362475792605015
2026-05-27 10:00:00,6137,6031.7725,105.2275390625,105.2275390625,1.714641340435066
2026-05-27 10:30:00,6072,5956.2964,115.70361328125,115.70361328125,1.9055272279520752
2026-05-27 11:00:00,5965,5923.044,41.9560546875,41.9560546875,0.7033705731349539
2026-05-27 11:30:00,6062,5916.7104,145.28955078125,145.28955078125,2.3967263408322337
2026-05-27 12:00:00,6006,6024.9414,-18.94140625,18.94140625,0.31537472943722944
2026-05-27 12:30:00,5893,6024.3887,-131.388671875,131.388671875,2.229571896741897
2026-05-27 13:00:00,5872,5887.5723,-15.572265625,15.572265625,0.26519525928133514
2026-05-27 13:30:00,5873,5883.3066,-10.306640625,10.306640625,0.17549192278222375
2026-05-27 14:00:00,5842,5884.154,-42.15380859375,42.15380859375,0.7215646797971584
2026-05-27 14:30:00,5816,5863.1235,-47.12353515625,47.12353515625,0.8102396003481775
2026-05-27 15:00:00,5845,5834.5244,10.4755859375,10.4755859375,0.17922302715996577
2026-05-27 15:30:00,5888,5888.5703,-0.5703125,0.5703125,0.009686013926630434
2026-05-27 16:00:00,6061,5930.5435,130.45654296875,130.45654296875,2.1523930534359015
2026-05-27 16:30:00,6293,6200.949,92.05078125,92.05078125,1.4627487883362467
2026-05-27 17:00:00,6555,6503.7583,51.24169921875,51.24169921875,0.7817192863272312
2026-05-27 17:30:00,6842,6797.031,44.96923828125,44.96923828125,0.6572528249232681
2026-05-27 18:00:00,7148,7100.5576,47.4423828125,47.4423828125,0.663715484226357
2026-05-27 18:30:00,7113,7117.9175,-4.91748046875,4.91748046875,0.06913370545128637
2026-05-27 19:00:00,7038,7048.485,-10.48486328125,10.48486328125,0.14897503951761865
2026-05-27 19:30:00,6924,6862.8315,61.16845703125,61.16845703125,0.883426589128394
2026-05-27 20:00:00,6809,6703.738,105.26220703125,105.26220703125,1.545927552228668
2026-05-27 20:30:00,6635,6590.8164,44.18359375,44.18359375,0.665917012057272
2026-05-27 21:00:00,6467,6374.4414,92.55859375,92.55859375,1.4312446845523428
2026-05-27 21:30:00,6274,6229.359,44.64111328125,44.64111328125,0.7115255543712146
2026-05-27 22:00:00,6100,6059.106,40.89404296875,40.89404296875,0.6703941470286886
2026-05-27 22:30:00,5842,5862.06,-20.06005859375,20.06005859375,0.3433765592904827
2026-05-27 23:00:00,5669,5608.992,60.0078125,60.0078125,1.0585255336038102
2026-05-27 23:30:00,5685,5632.5415,52.45849609375,52.45849609375,0.9227527896877749
2026-05-28 00:00:00,5542,5566.7964,-24.79638671875,24.79638671875,0.44742668204168173
2026-05-28 00:30:00,5428,5340.3853,87.61474609375,87.61474609375,1.614125757069823
2026-05-28 01:00:00,5234,5256.4526,-22.45263671875,22.45263671875,0.42897662817634696
2026-05-28 01:30:00,5105,5052.475,52.52490234375,52.52490234375,1.0288913289666994
2026-05-28 02:00:00,4972,4923.2554,48.74462890625,48.74462890625,0.9803827213646419
2026-05-28 02:30:00,4811,4841.106,-30.10595703125,30.10595703125,0.625773374168572
2026-05-28 03:00:00,4764,4705.278,58.72216796875,58.72216796875,1.232623173147565
2026-05-28 03:30:00,4736,4718.651,17.34912109375,17.34912109375,0.3663243474187078
2026-05-28 04:00:00,4695,4698.8086,-3.80859375,3.80859375,0.08112020766773163
2026-05-28 04:30:00,4718,4725.3438,-7.34375,7.34375,0.15565387876218736
2026-05-28 05:00:00,4786,4754.309,31.69091796875,31.69091796875,0.6621587540482657
2026-05-28 05:30:00,4962,4954.4434,7.556640625,7.556640625,0.1522902181580008
2026-05-28 06:00:00,5196,5179.403,16.59716796875,16.59716796875,0.3194220163346805
2026-05-28 06:30:00,5613,5585.859,27.14111328125,27.14111328125,0.48354023305273475
2026-05-28 07:00:00,6078,6009.799,68.201171875,68.201171875,1.122098912059888
2026-05-28 07:30:00,6581,6431.856,149.14404296875,149.14404296875,2.2662823730246164
2026-05-28 08:00:00,6901,6886.861,14.13916015625,14.13916015625,0.20488567100782495
2026-05-28 08:30:00,6971,6893.7036,77.29638671875,77.29638671875,1.1088278111999714
2026-05-28 09:00:00,6849,6789.7075,59.29248046875,59.29248046875,0.8657100375054751
2026-05-28 09:30:00,6725,6539.4126,185.58740234375,185.58740234375,2.759663975371747
2026-05-28 10:00:00,6513,6354.1406,158.859375,158.859375,2.439112160294795
2026-05-28 10:30:00,6264,6161.7583,102.24169921875,102.24169921875,1.632211034782088
2026-05-28 11:00:00,6036,5994.9116,41.08837890625,41.08837890625,0.680721983204937
2026-05-28 11:30:00,6087,5844.183,242.81689453125,242.81689453125,3.9891062022548054
2026-05-28 12:00:00,5774,5915.6426,-141.642578125,141.642578125,2.4531101164703846
2026-05-28 12:30:00,5910,5654.8843,255.11572265625,255.11572265625,4.316678894352792
2026-05-28 13:00:00,5806,5877.8154,-71.8154296875,71.8154296875,1.2369174937564589
2026-05-28 13:30:00,5810,5751.303,58.69677734375,58.69677734375,1.0102715549698795
2026-05-28 14:00:00,5748,5798.509,-50.5087890625,50.5087890625,0.8787193643441197
2026-05-28 14:30:00,5590,5718.7676,-128.767578125,128.767578125,2.3035344923971377
2026-05-28 15:00:00,5711,5586.8145,124.185546875,124.185546875,2.1744974063211346
2026-05-28 15:30:00,5798,5832.648,-34.64794921875,34.64794921875,0.5975844984261814
2026-05-28 16:00:00,6012,5955.2886,56.71142578125,56.71142578125,0.9433038220434132
2026-05-28 16:30:00,6325,6191.2085,133.79150390625,133.79150390625,2.1152806941699605
2026-05-28 17:00:00,6650,6587.7383,62.26171875,62.26171875,0.9362664473684211
2026-05-28 17:30:00,6966,6967.0117,-1.01171875,1.01171875,0.014523668532873958
2026-05-28 18:00:00,7284,7197.2,86.7998046875,86.7998046875,1.191650256555464
2026-05-28 18:30:00,7311,7241.811,69.18896484375,69.18896484375,0.9463680049753795
2026-05-28 19:00:00,7268,7179.41,88.58984375,88.58984375,1.2189026382773802
2026-05-28 19:30:00,7122,7064.5723,57.427734375,57.427734375,0.806342802232519
2026-05-28 20:00:00,7012,6998.8813,13.11865234375,13.11865234375,0.18708859588918997
2026-05-28 20:30:00,6868,6850.941,17.05908203125,17.05908203125,0.24838500336706468
2026-05-28 21:00:00,6664,6710.2983,-46.29833984375,46.29833984375,0.6947529988557923
2026-05-28 21:30:00,6436,6441.502,-5.501953125,5.501953125,0.08548715234617775
2026-05-28 22:00:00,6213,6153.555,59.44482421875,59.44482421875,0.9567813329913086
2026-05-28 22:30:00,5945,5904.5776,40.42236328125,40.42236328125,0.6799388272708158
2026-05-28 23:00:00,5719,5674.316,44.68408203125,44.68408203125,0.7813268409031299
2026-05-28 23:30:00,5708,5653.4497,54.55029296875,54.55029296875,0.955681376467239
2026-05-29 00:00:00,5558,5543.388,14.61181640625,14.61181640625,0.26289702062342574
2026-05-29 00:30:00,5428,5369.4653,58.53466796875,58.53466796875,1.0783837134994474
2026-05-29 01:00:00,5252,5243.4365,8.5634765625,8.5634765625,0.16305172434310738
2026-05-29 01:30:00,5054,5113.2114,-59.21142578125,59.21142578125,1.171575500222596
2026-05-29 02:00:00,4937,4933.4653,3.53466796875,3.53466796875,0.07159546219870366
2026-05-29 02:30:00,4823,4813.777,9.22314453125,9.22314453125,0.19123252190026954
2026-05-29 03:00:00,4747,4709.8555,37.14453125,37.14453125,0.7824843322098167
2026-05-29 03:30:00,4665,4688.302,-23.3017578125,23.3017578125,0.499501775187567
2026-05-29 04:00:00,4665,4647.04,17.9599609375,17.9599609375,0.38499380359056806
2026-05-29 04:30:00,4670,4694.465,-24.46484375,24.46484375,0.5238724571734475
2026-05-29 05:00:00,4751,4722.977,28.02294921875,28.02294921875,0.5898326503630815
2026-05-29 05:30:00,4907,4915.6846,-8.6845703125,8.6845703125,0.1769832955471775
2026-05-29 06:00:00,5109,5129.4253,-20.42529296875,20.42529296875,0.3997904280436485
2026-05-29 06:30:00,5454,5445.7363,8.263671875,8.263671875,0.15151580262192887
2026-05-29 07:00:00,5902,5811.6353,90.36474609375,90.36474609375,1.5310868535030497
2026-05-29 07:30:00,6325,6230.5415,94.45849609375,94.45849609375,1.4934149580039526
2026-05-29 08:00:00,6635,6577.09,57.91015625,57.91015625,0.872798134890731
2026-05-29 08:30:00,6731,6779.9487,-48.94873046875,48.94873046875,0.7272133482209181
2026-05-29 09:00:00,6543,6548.156,-5.15576171875,5.15576171875,0.07879813111340364
2026-05-29 09:30:00,6265,6211.54,53.4599609375,53.4599609375,0.8533114275738228
2026-05-29 10:00:00,5857,5921.671,-64.6708984375,64.6708984375,1.1041642212310057
2026-05-29 10:30:00,5417,5488.2925,-71.29248046875,71.29248046875,1.3160878801689126
2026-05-29 11:00:00,5149,4990.4297,158.5703125,158.5703125,3.079633181200233
2026-05-29 11:30:00,5123,4975.498,147.501953125,147.501953125,2.879210484579348
2026-05-29 12:00:00,5170,4927.4976,242.50244140625,242.50244140625,4.69056946627176
2026-05-29 12:30:00,5266,5118.387,147.61279296875,147.61279296875,2.8031293765429166
2026-05-29 13:00:00,5449,5394.9663,54.03369140625,54.03369140625,0.9916258287071023
2026-05-29 13:30:00,5604,5610.797,-6.796875,6.796875,0.12128613490364026
2026-05-29 14:00:00,5646,5777.924,-131.923828125,131.923828125,2.3365892335281613
2026-05-29 14:30:00,5567,5694.036,-127.0361328125,127.0361328125,2.281949574501527
2026-05-29 15:00:00,5690,5546.168,143.83203125,143.83203125,2.5278037126537787
2026-05-29 15:30:00,5824,5822.5195,1.48046875,1.48046875,0.02542013650412088
2026-05-29 16:00:00,5981,6033.739,-52.73876953125,52.73876953125,0.8817717694574486
2026-05-29 16:30:00,6214,6124.996,89.00390625,89.00390625,1.4323126206952044
2026-05-29 17:00:00,6555,6455.865,99.134765625,99.134765625,1.5123534038901603
2026-05-29 17:30:00,6890,6821.945,68.05517578125,68.05517578125,0.987738400308418
2026-05-29 18:00:00,7189,7136.4033,52.5966796875,52.5966796875,0.7316272038878843
2026-05-29 18:30:00,7164,7233.669,-69.6689453125,69.6689453125,0.9724866738204915
2026-05-29 19:00:00,7115,7106.619,8.380859375,8.380859375,0.11779141777933944
2026-05-29 19:30:00,6974,7018.4614,-44.46142578125,44.46142578125,0.6375311984693146
2026-05-29 20:00:00,6826,6809.4136,16.58642578125,16.58642578125,0.24298895079475535
2026-05-29 20:30:00,6699,6667.4526,31.54736328125,31.54736328125,0.47092645590759813
2026-05-29 21:00:00,6561,6537.422,23.578125,23.578125,0.35936785550983086
2026-05-29 21:30:00,6353,6317.8257,35.17431640625,35.17431640625,0.5536646687588541
2026-05-29 22:00:00,6172,6117.7446,54.25537109375,54.25537109375,0.879056563411374
2026-05-29 22:30:00,5967,5898.03,68.97021484375,68.97021484375,1.1558608152128371
2026-05-29 23:00:00,5729,5718.159,10.8408203125,10.8408203125,0.18922709569732937
2026-05-29 23:30:00,5739,5660.341,78.6591796875,78.6591796875,1.3706077659435443
2026-05-30 00:00:00,5590,5556.7676,33.232421875,33.232421875,0.594497707960644
2026-05-30 00:30:00,5424,5385.708,38.2919921875,38.2919921875,0.7059733072916667
2026-05-30 01:00:00,5228,5235.082,-7.08203125,7.08203125,0.13546348986228002
2026-05-30 01:30:00,5032,5034.2915,-2.29150390625,2.29150390625,0.045538630887321144
2026-05-30 02:00:00,4900,4869.009,30.9912109375,30.9912109375,0.6324736926020408
2026-05-30 02:30:00,4746,4770.0195,-24.01953125,24.01953125,0.5061005320269701
2026-05-30 03:00:00,4696,4619.15,76.85009765625,76.85009765625,1.636501227773637
2026-05-30 03:30:00,4658,4623.572,34.42822265625,34.42822265625,0.7391202802973379
2026-05-30 04:00:00,4599,4594.107,4.89306640625,4.89306640625,0.10639413799195477
2026-05-30 04:30:00,4608,4593.909,14.0908203125,14.0908203125,0.30579037136501735
2026-05-30 05:00:00,4609,4613.335,-4.3349609375,4.3349609375,0.09405426204165762
2026-05-30 05:30:00,4693,4672.5566,20.443359375,20.443359375,0.43561387971446835
2026-05-30 06:00:00,4781,4745.6523,35.34765625,35.34765625,0.7393360437147041
2026-05-30 06:30:00,4953,4905.6895,47.310546875,47.310546875,0.9551897208762367
2026-05-30 07:00:00,5186,5085.8774,100.12255859375,100.12255859375,1.9306316736164675
2026-05-30 07:30:00,5415,5351.366,63.6337890625,63.6337890625,1.1751392255309325
2026-05-30 08:00:00,5640,5600.317,39.68310546875,39.68310546875,0.7036011607934397
2026-05-30 08:30:00,5795,5714.648,80.35205078125,80.35205078125,1.3865755095987922
2026-05-30 09:00:00,5738,5667.886,70.11376953125,70.11376953125,1.2219199988018472
2026-05-30 09:30:00,5641,5504.3237,136.67626953125,136.67626953125,2.4229085185472434
2026-05-30 10:00:00,5440,5381.4546,58.54541015625,58.54541015625,1.076202392578125
2026-05-30 10:30:00,5150,5160.7,-10.7001953125,10.7001953125,0.2077707827669903
2026-05-30 11:00:00,4741,4816.7925,-75.79248046875,75.79248046875,1.5986602081575616
2026-05-30 11:30:00,4536,4472.1694,63.83056640625,63.83056640625,1.4071994357638888
2026-05-30 12:00:00,4432,4314.0347,117.96533203125,117.96533203125,2.661672654134702
2026-05-30 12:30:00,4369,4286.371,82.62890625,82.62890625,1.8912544346532385
2026-05-30 13:00:00,4463,4314.234,148.76611328125,148.76611328125,3.3333209339289716
2026-05-30 13:30:00,4688,4500.173,187.8271484375,187.8271484375,4.006551801141212
2026-05-30 14:00:00,4855,4847.5376,7.46240234375,7.46240234375,0.1537055065653965
2026-05-30 14:30:00,4986,4959.144,26.85595703125,26.85595703125,0.5386272970567589
2026-05-30 15:00:00,5112,5177.1465,-65.146484375,65.146484375,1.2743834971635368
2026-05-30 15:30:00,5269,5297.737,-28.73681640625,28.73681640625,0.5453941242408427
2026-05-30 16:00:00,5506,5554.0513,-48.05126953125,48.05126953125,0.872707401584635
2026-05-30 16:30:00,5763,5832.631,-69.630859375,69.630859375,1.20823979481173
2026-05-30 17:00:00,6005,5997.89,7.10986328125,7.10986328125,0.11839905547460448
2026-05-30 17:30:00,6336,6229.3438,106.65625,106.65625,1.683337279040404
2026-05-30 18:00:00,6592,6519.7173,72.28271484375,72.28271484375,1.0965217664403824
2026-05-30 18:30:00,6567,6634.023,-67.02294921875,67.02294921875,1.0206022417961016
2026-05-30 19:00:00,6486,6482.9463,3.0537109375,3.0537109375,0.04708157473789701
2026-05-30 19:30:00,6432,6395.1567,36.84326171875,36.84326171875,0.5728119048313122
2026-05-30 20:00:00,6296,6348.947,-52.94677734375,52.94677734375,0.8409589794115312
2026-05-30 20:30:00,6247,6160.56,86.43994140625,86.43994140625,1.3837032400552265
2026-05-30 21:00:00,6183,6104.62,78.3798828125,78.3798828125,1.2676675208232249
2026-05-30 21:30:00,6087,6013.0806,73.91943359375,73.91943359375,1.2143820205971743
2026-05-30 22:00:00,5973,5900.5117,72.48828125,72.48828125,1.2135992173112338
2026-05-30 22:30:00,5805,5791.734,13.26611328125,13.26611328125,0.2285290832256675
2026-05-30 23:00:00,5639,5646.1333,-7.13330078125,7.13330078125,0.12649939317698175
2026-05-30 23:30:00,5686,5628.9995,57.00048828125,57.00048828125,1.002470775259409
2026-05-31 00:00:00,5616,5571.121,44.87890625,44.87890625,0.7991258235398861
2026-05-31 00:30:00,5441,5449.787,-8.787109375,8.787109375,0.1614980587208234
2026-05-31 01:00:00,5270,5273.419,-3.4189453125,3.4189453125,0.0648756226280835
2026-05-31 01:30:00,5100,5114.475,-14.47509765625,14.47509765625,0.28382544424019607
2026-05-31 02:00:00,4950,4949.238,0.76220703125,0.76220703125,0.015398121843434342
2026-05-31 02:30:00,4813,4822.2676,-9.267578125,9.267578125,0.19255304643673385
2026-05-31 03:00:00,4710,4697.728,12.27197265625,12.27197265625,0.2605514364384289
2026-05-31 03:30:00,4677,4630.6284,46.37158203125,46.37158203125,0.9914813348567457
2026-05-31 04:00:00,4617,4610.8413,6.15869140625,6.15869140625,0.13339162673272686
2026-05-31 04:30:00,4615,4591.2344,23.765625,23.765625,0.5149647887323944
2026-05-31 05:00:00,4615,4594.2334,20.7666015625,20.7666015625,0.4499805322318527
2026-05-31 05:30:00,4629,4663.1533,-34.1533203125,34.1533203125,0.7378120611903219
2026-05-31 06:00:00,4672,4659.8726,12.12744140625,12.12744140625,0.2595770848940497
2026-05-31 06:30:00,4841,4762.429,78.57080078125,78.57080078125,1.6230283160762238
2026-05-31 07:00:00,4989,4884.2773,104.72265625,104.72265625,2.099071081379034
2026-05-31 07:30:00,5196,5140.1724,55.82763671875,55.82763671875,1.0744348868119706
2026-05-31 08:00:00,5477,5374.2827,102.71728515625,102.71728515625,1.8754297088962937
2026-05-31 08:30:00,5697,5570.259,126.7412109375,126.7412109375,2.224700911664034
2026-05-31 09:00:00,5629,5627.8657,1.13427734375,1.13427734375,0.020150601239118847
2026-05-31 09:30:00,5495,5444.503,50.4970703125,50.4970703125,0.9189639729299364
2026-05-31 10:00:00,5085,5268.9946,-183.99462890625,183.99462890625,3.6183801161504423
2026-05-31 10:30:00,4769,4811.684,-42.68408203125,42.68408203125,0.8950321247903124
2026-05-31 11:00:00,4578,4518.628,59.3720703125,59.3720703125,1.2968997447029271
2026-05-31 11:30:00,4772,4384.5103,387.48974609375,387.48974609375,8.1200701193158
2026-05-31 12:00:00,4658,4764.77,-106.77001953125,106.77001953125,2.2921859066391157
2026-05-31 12:30:00,4622,4633.1157,-11.11572265625,11.11572265625,0.2404959466951536
2026-05-31 13:00:00,4643,4658.1455,-15.1455078125,15.1455078125,0.32620090054921386
2026-05-31 13:30:00,4828,4625.208,202.7919921875,202.7919921875,4.200331238349213
2026-05-31 14:00:00,5057,4864.8833,192.11669921875,192.11669921875,3.7990250982548943
2026-05-31 14:30:00,5116,5162.7065,-46.70654296875,46.70654296875,0.9129504098661064
2026-05-31 15:00:00,5335,5252.752,82.248046875,82.248046875,1.5416691073102156
2026-05-31 15:30:00,5508,5552.9766,-44.9765625,44.9765625,0.8165679466230936
2026-05-31 16:00:00,5861,5799.1865,61.8134765625,61.8134765625,1.0546575083176932
2026-05-31 16:30:00,6117,6045.653,71.34716796875,71.34716796875,1.166375150707046
2026-05-31 17:00:00,6521,6389.8013,131.19873046875,131.19873046875,2.011941887268057
2026-05-31 17:30:00,6838,6837.909,0.0908203125,0.0908203125,0.0013281707004972215
2026-05-31 18:00:00,7120,7062.0405,57.95947265625,57.95947265625,0.8140375373068821
2026-05-31 18:30:00,7110,7153.2524,-43.25244140625,43.25244140625,0.6083325092299579
2026-05-31 19:00:00,7037,7035.657,1.3427734375,1.3427734375,0.01908161769930368
2026-05-31 19:30:00,6900,6931.8525,-31.8525390625,31.8525390625,0.46163100090579706
2026-05-31 20:00:00,6771,6741.172,29.828125,29.828125,0.4405276177817162
2026-05-31 20:30:00,6667,6529.135,137.865234375,137.865234375,2.0678751218689064
2026-05-31 21:00:00,6446,6463.018,-17.01806640625,17.01806640625,0.26400971775131865
2026-05-31 21:30:00,6288,6230.2183,57.78173828125,57.78173828125,0.9189207741929072
2026-05-31 22:00:00,6046,6047.445,-1.44482421875,1.44482421875,0.02389719184171353
2026-05-31 22:30:00,5776,5801.8857,-25.8857421875,25.8857421875,0.44816035643178675
2026-05-31 23:00:00,5581,5543.529,37.47119140625,37.47119140625,0.6714064039822613
2026-05-31 23:30:00,5562,5519.598,42.40185546875,42.40185546875,0.7623490735122258
2026-06-01 00:00:00,5479,5470.369,8.630859375,8.630859375,0.15752617950355904
2026-06-01 00:30:00,5355,5354.7485,0.25146484375,0.25146484375,0.0046958887721755375
2026-06-01 01:00:00,5200,5218.186,-18.18603515625,18.18603515625,0.3497314453125
2026-06-01 01:30:00,5063,5085.2896,-22.28955078125,22.28955078125,0.44024394195634997
2026-06-01 02:00:00,4916,4921.4766,-5.4765625,5.4765625,0.11140281733116354
2026-06-01 02:30:00,4808,4829.8345,-21.83447265625,21.83447265625,0.4541279670601081
2026-06-01 03:00:00,4728,4732.0195,-4.01953125,4.01953125,0.08501546637055837
2026-06-01 03:30:00,4714,4711.4746,2.525390625,2.525390625,0.05357213884174799
2026-06-01 04:00:00,4679,4714.0083,-35.00830078125,35.00830078125,0.748200486882881
