{
    "MAE": 61.039210366481676,
    "RMSE": 86.84587688385038,
    "MAPE": 1.1731850823976866,
    "R2": 0.9896592160472809
}